id	token	type	key	logical	ill	locals	maxstack	eh
5199	0x06000001	UnitySourceGeneratedAssemblyMonoScriptTypes_v1	UnitySourceGeneratedAssemblyMonoScriptTypes_v1::Get()	UnitySourceGeneratedAssemblyMonoScriptTypes_v1::Get	92	1	4	0
5200	0x06000002	UnitySourceGeneratedAssemblyMonoScriptTypes_v1	UnitySourceGeneratedAssemblyMonoScriptTypes_v1::.ctor()	UnitySourceGeneratedAssemblyMonoScriptTypes_v1::.ctor	7	0	8	0
5201	0x06000003	KB.FogRTS.Runtime.CheckPoint	KB.FogRTS.Runtime.CheckPoint::get_Transform()	KB.FogRTS.Runtime.CheckPoint::get_Transform	12	0	8	0
5202	0x06000004	KB.FogRTS.Runtime.CheckPoint	KB.FogRTS.Runtime.CheckPoint::get_Layer()	KB.FogRTS.Runtime.CheckPoint::get_Layer	12	0	8	0
5203	0x06000005	KB.FogRTS.Runtime.CheckPoint	KB.FogRTS.Runtime.CheckPoint::get_Offset()	KB.FogRTS.Runtime.CheckPoint::get_Offset	7	0	8	0
5204	0x06000006	KB.FogRTS.Runtime.CheckPoint	KB.FogRTS.Runtime.CheckPoint::get_IsVisible()	KB.FogRTS.Runtime.CheckPoint::get_IsVisible	10	0	8	0
5205	0x06000007	KB.FogRTS.Runtime.CheckPoint	KB.FogRTS.Runtime.CheckPoint::.ctor(KB.FogRTS.Runtime.VisibilitySwitch,UnityEngine.Vector2)	KB.FogRTS.Runtime.CheckPoint::.ctor	21	0	8	0
5206	0x06000008	KB.FogRTS.Runtime.CheckPoint	KB.FogRTS.Runtime.CheckPoint::SetVisibility(bool)	KB.FogRTS.Runtime.CheckPoint::SetVisibility	11	0	8	0
5207	0x06000009	KB.FogRTS.Runtime.CheckPointContainer	KB.FogRTS.Runtime.CheckPointContainer::add_OnDetectionCompleted(System.Action<bool>)	KB.FogRTS.Runtime.CheckPointContainer::add_OnDetectionCompleted	39	3	3	0
5208	0x0600000A	KB.FogRTS.Runtime.CheckPointContainer	KB.FogRTS.Runtime.CheckPointContainer::remove_OnDetectionCompleted(System.Action<bool>)	KB.FogRTS.Runtime.CheckPointContainer::remove_OnDetectionCompleted	39	3	3	0
5209	0x0600000B	KB.FogRTS.Runtime.CheckPointContainer	KB.FogRTS.Runtime.CheckPointContainer::Init(int,bool)	KB.FogRTS.Runtime.CheckPointContainer::Init	137	1	4	0
5210	0x0600000C	KB.FogRTS.Runtime.CheckPointContainer	KB.FogRTS.Runtime.CheckPointContainer::Add(KB.FogRTS.Runtime.CheckPoint)	KB.FogRTS.Runtime.CheckPointContainer::Add	24	0	8	0
5211	0x0600000D	KB.FogRTS.Runtime.CheckPointContainer	KB.FogRTS.Runtime.CheckPointContainer::Remove(KB.FogRTS.Runtime.CheckPoint)	KB.FogRTS.Runtime.CheckPointContainer::Remove	25	0	8	0
5212	0x0600000E	KB.FogRTS.Runtime.CheckPointContainer	KB.FogRTS.Runtime.CheckPointContainer::ScheduleJob(Unity.Jobs.JobHandle)	KB.FogRTS.Runtime.CheckPointContainer::ScheduleJob	176	2	4	0
5213	0x0600000F	KB.FogRTS.Runtime.CheckPointContainer	KB.FogRTS.Runtime.CheckPointContainer::PerformObjectDetection()	KB.FogRTS.Runtime.CheckPointContainer::PerformObjectDetection	65	2	3	0
5214	0x06000010	KB.FogRTS.Runtime.CheckPointContainer	KB.FogRTS.Runtime.CheckPointContainer::NotifyDetectionSkipped()	KB.FogRTS.Runtime.CheckPointContainer::NotifyDetectionSkipped	17	0	8	0
5215	0x06000011	KB.FogRTS.Runtime.CheckPointContainer	KB.FogRTS.Runtime.CheckPointContainer::Setup()	KB.FogRTS.Runtime.CheckPointContainer::Setup	204	1	4	0
5216	0x06000012	KB.FogRTS.Runtime.CheckPointContainer	KB.FogRTS.Runtime.CheckPointContainer::Dispose()	KB.FogRTS.Runtime.CheckPointContainer::Dispose	45	0	8	0
5217	0x06000013	KB.FogRTS.Runtime.CheckPointContainer	KB.FogRTS.Runtime.CheckPointContainer::OnDestroy()	KB.FogRTS.Runtime.CheckPointContainer::OnDestroy	15	0	8	0
5218	0x06000014	KB.FogRTS.Runtime.CheckPointContainer	KB.FogRTS.Runtime.CheckPointContainer::.ctor()	KB.FogRTS.Runtime.CheckPointContainer::.ctor	18	0	8	0
5219	0x06000015	KB.FogRTS.Runtime.FaderContainer	KB.FogRTS.Runtime.FaderContainer::Add(KB.FogRTS.Runtime.Fader)	KB.FogRTS.Runtime.FaderContainer::Add	18	0	8	0
5220	0x06000016	KB.FogRTS.Runtime.FaderContainer	KB.FogRTS.Runtime.FaderContainer::Remove(KB.FogRTS.Runtime.Fader)	KB.FogRTS.Runtime.FaderContainer::Remove	18	0	8	0
5221	0x06000017	KB.FogRTS.Runtime.FaderContainer	KB.FogRTS.Runtime.FaderContainer::UpdateFaders(float)	KB.FogRTS.Runtime.FaderContainer::UpdateFaders	101	2	2	1
5222	0x06000018	KB.FogRTS.Runtime.FaderContainer	KB.FogRTS.Runtime.FaderContainer::.ctor()	KB.FogRTS.Runtime.FaderContainer::.ctor	29	0	8	0
5223	0x06000019	KB.FogRTS.Runtime.SingletonContainer`1	KB.FogRTS.Runtime.SingletonContainer::GetInstance()	KB.FogRTS.Runtime.SingletonContainer`1::GetInstance	34	0	8	0
5224	0x0600001A	KB.FogRTS.Runtime.SingletonContainer`1	KB.FogRTS.Runtime.SingletonContainer::.ctor()	KB.FogRTS.Runtime.SingletonContainer`1::.ctor	7	0	8	0
5225	0x0600001B	KB.FogRTS.Runtime.VisionContainer	KB.FogRTS.Runtime.VisionContainer::get_Count()	KB.FogRTS.Runtime.VisionContainer::get_Count	11	0	8	0
5226	0x0600001C	KB.FogRTS.Runtime.VisionContainer	KB.FogRTS.Runtime.VisionContainer::get_ShapesAndLayers()	KB.FogRTS.Runtime.VisionContainer::get_ShapesAndLayers	16	0	8	0
5227	0x0600001D	KB.FogRTS.Runtime.VisionContainer	KB.FogRTS.Runtime.VisionContainer::get_Positions()	KB.FogRTS.Runtime.VisionContainer::get_Positions	16	0	8	0
5228	0x0600001E	KB.FogRTS.Runtime.VisionContainer	KB.FogRTS.Runtime.VisionContainer::get_Rotations()	KB.FogRTS.Runtime.VisionContainer::get_Rotations	16	0	8	0
5229	0x0600001F	KB.FogRTS.Runtime.VisionContainer	KB.FogRTS.Runtime.VisionContainer::get_Scales()	KB.FogRTS.Runtime.VisionContainer::get_Scales	16	0	8	0
5230	0x06000020	KB.FogRTS.Runtime.VisionContainer	KB.FogRTS.Runtime.VisionContainer::get_CurrentElementCount()	KB.FogRTS.Runtime.VisionContainer::get_CurrentElementCount	23	0	8	0
5231	0x06000021	KB.FogRTS.Runtime.VisionContainer	KB.FogRTS.Runtime.VisionContainer::Init(int,bool)	KB.FogRTS.Runtime.VisionContainer::Init	296	1	4	0
5232	0x06000022	KB.FogRTS.Runtime.VisionContainer	KB.FogRTS.Runtime.VisionContainer::Add(KB.FogRTS.Runtime.VisionSource)	KB.FogRTS.Runtime.VisionContainer::Add	24	0	8	0
5233	0x06000023	KB.FogRTS.Runtime.VisionContainer	KB.FogRTS.Runtime.VisionContainer::UpdateElement()	KB.FogRTS.Runtime.VisionContainer::UpdateElement	22	1	2	0
5234	0x06000024	KB.FogRTS.Runtime.VisionContainer	KB.FogRTS.Runtime.VisionContainer::Remove(KB.FogRTS.Runtime.VisionSource)	KB.FogRTS.Runtime.VisionContainer::Remove	25	0	8	0
5235	0x06000025	KB.FogRTS.Runtime.VisionContainer	KB.FogRTS.Runtime.VisionContainer::ScheduleJob()	KB.FogRTS.Runtime.VisionContainer::ScheduleJob	155	4	4	0
5236	0x06000026	KB.FogRTS.Runtime.VisionContainer	KB.FogRTS.Runtime.VisionContainer::UpdateVisionPositionsInShader()	KB.FogRTS.Runtime.VisionContainer::UpdateVisionPositionsInShader	54	2	5	0
5237	0x06000027	KB.FogRTS.Runtime.VisionContainer	KB.FogRTS.Runtime.VisionContainer::Setup(bool)	KB.FogRTS.Runtime.VisionContainer::Setup	297	5	5	0
5238	0x06000028	KB.FogRTS.Runtime.VisionContainer	KB.FogRTS.Runtime.VisionContainer::Dispose()	KB.FogRTS.Runtime.VisionContainer::Dispose	122	0	1	0
5239	0x06000029	KB.FogRTS.Runtime.VisionContainer	KB.FogRTS.Runtime.VisionContainer::OnDestroy()	KB.FogRTS.Runtime.VisionContainer::OnDestroy	15	0	8	0
5240	0x0600002A	KB.FogRTS.Runtime.VisionContainer	KB.FogRTS.Runtime.VisionContainer::.ctor()	KB.FogRTS.Runtime.VisionContainer::.ctor	18	0	8	0
5241	0x0600002B	KB.FogRTS.Runtime.BlurPass	KB.FogRTS.Runtime.BlurPass::Init(float,UnityEngine.Vector2Int,UnityEngine.FilterMode,UnityEngine.Rendering.RTHandle)	KB.FogRTS.Runtime.BlurPass::Init	148	5	5	0
5242	0x0600002C	KB.FogRTS.Runtime.BlurPass	KB.FogRTS.Runtime.BlurPass::MarkForExecution()	KB.FogRTS.Runtime.BlurPass::MarkForExecution	8	0	8	0
5243	0x0600002D	KB.FogRTS.Runtime.BlurPass	KB.FogRTS.Runtime.BlurPass::Enable()	KB.FogRTS.Runtime.BlurPass::Enable	18	0	8	0
5244	0x0600002E	KB.FogRTS.Runtime.BlurPass	KB.FogRTS.Runtime.BlurPass::Disable()	KB.FogRTS.Runtime.BlurPass::Disable	18	0	8	0
5245	0x0600002F	KB.FogRTS.Runtime.BlurPass	KB.FogRTS.Runtime.BlurPass::Dispose()	KB.FogRTS.Runtime.BlurPass::Dispose	23	0	8	0
5246	0x06000030	KB.FogRTS.Runtime.BlurPass	KB.FogRTS.Runtime.BlurPass::PerformBlur(UnityEngine.Rendering.ScriptableRenderContext,System.Collections.Generic.List<UnityEngine.Camera>)	KB.FogRTS.Runtime.BlurPass::PerformBlur	130	1	6	0
5247	0x06000031	KB.FogRTS.Runtime.BlurPass	KB.FogRTS.Runtime.BlurPass::.ctor()	KB.FogRTS.Runtime.BlurPass::.ctor	7	0	8	0
5248	0x06000032	KB.FogRTS.Runtime.DrawVisionPass	KB.FogRTS.Runtime.DrawVisionPass::Init(UnityEngine.Vector4,UnityEngine.Vector2Int,float,float,UnityEngine.Texture)	KB.FogRTS.Runtime.DrawVisionPass::Init	324	0	7	0
5249	0x06000033	KB.FogRTS.Runtime.DrawVisionPass	KB.FogRTS.Runtime.DrawVisionPass::MarkForExecution()	KB.FogRTS.Runtime.DrawVisionPass::MarkForExecution	8	0	8	0
5250	0x06000034	KB.FogRTS.Runtime.DrawVisionPass	KB.FogRTS.Runtime.DrawVisionPass::Enable()	KB.FogRTS.Runtime.DrawVisionPass::Enable	18	0	8	0
5251	0x06000035	KB.FogRTS.Runtime.DrawVisionPass	KB.FogRTS.Runtime.DrawVisionPass::Disable()	KB.FogRTS.Runtime.DrawVisionPass::Disable	18	0	8	0
5252	0x06000036	KB.FogRTS.Runtime.DrawVisionPass	KB.FogRTS.Runtime.DrawVisionPass::Dispose()	KB.FogRTS.Runtime.DrawVisionPass::Dispose	23	0	8	0
5253	0x06000037	KB.FogRTS.Runtime.DrawVisionPass	KB.FogRTS.Runtime.DrawVisionPass::PerformVision(UnityEngine.Rendering.ScriptableRenderContext,System.Collections.Generic.List<UnityEngine.Camera>)	KB.FogRTS.Runtime.DrawVisionPass::PerformVision	186	3	7	0
5254	0x06000038	KB.FogRTS.Runtime.DrawVisionPass	KB.FogRTS.Runtime.DrawVisionPass::.ctor()	KB.FogRTS.Runtime.DrawVisionPass::.ctor	23	0	8	0
5255	0x06000039	KB.FogRTS.Runtime.ScreenEffectPass	KB.FogRTS.Runtime.ScreenEffectPass::Init(UnityEngine.Rendering.Universal.RenderPassEvent,UnityEngine.Camera,UnityEngine.Vector4,bool,UnityEngine.Rendering.RTHandle,UnityEngine.Texture,UnityEngine.Color,UnityEngine.Texture,UnityEngine.Color)	KB.FogRTS.Runtime.ScreenEffectPass::Init	325	4	5	0
5256	0x0600003A	KB.FogRTS.Runtime.ScreenEffectPass	KB.FogRTS.Runtime.ScreenEffectPass::Enable()	KB.FogRTS.Runtime.ScreenEffectPass::Enable	33	0	8	0
5257	0x0600003B	KB.FogRTS.Runtime.ScreenEffectPass	KB.FogRTS.Runtime.ScreenEffectPass::Disable()	KB.FogRTS.Runtime.ScreenEffectPass::Disable	33	0	8	0
5258	0x0600003C	KB.FogRTS.Runtime.ScreenEffectPass	KB.FogRTS.Runtime.ScreenEffectPass::PerformScreenEffect(UnityEngine.Rendering.ScriptableRenderContext,UnityEngine.Camera)	KB.FogRTS.Runtime.ScreenEffectPass::PerformScreenEffect	37	0	8	0
5259	0x0600003D	KB.FogRTS.Runtime.ScreenEffectPass	KB.FogRTS.Runtime.ScreenEffectPass::IsValidCamera(UnityEngine.Camera)	KB.FogRTS.Runtime.ScreenEffectPass::IsValidCamera	13	0	8	0
5260	0x0600003E	KB.FogRTS.Runtime.ScreenEffectPass	KB.FogRTS.Runtime.ScreenEffectPass::.ctor()	KB.FogRTS.Runtime.ScreenEffectPass::.ctor	7	0	8	0
5261	0x0600003F	KB.FogRTS.Runtime.Fader	KB.FogRTS.Runtime.Fader::get_IsFinished()	KB.FogRTS.Runtime.Fader::get_IsFinished	32	0	8	0
5262	0x06000040	KB.FogRTS.Runtime.Fader	KB.FogRTS.Runtime.Fader::UpdateFade(float)	KB.FogRTS.Runtime.Fader::UpdateFade	122	3	4	0
5263	0x06000041	KB.FogRTS.Runtime.Fader	KB.FogRTS.Runtime.Fader::Awake()	KB.FogRTS.Runtime.Fader::Awake	41	0	8	0
5264	0x06000042	KB.FogRTS.Runtime.Fader	KB.FogRTS.Runtime.Fader::OnEnable()	KB.FogRTS.Runtime.Fader::OnEnable	24	0	8	0
5265	0x06000043	KB.FogRTS.Runtime.Fader	KB.FogRTS.Runtime.Fader::OnDisable()	KB.FogRTS.Runtime.Fader::OnDisable	44	0	8	0
5266	0x06000044	KB.FogRTS.Runtime.Fader	KB.FogRTS.Runtime.Fader::FinishFade()	KB.FogRTS.Runtime.Fader::FinishFade	100	2	3	0
5267	0x06000045	KB.FogRTS.Runtime.Fader	KB.FogRTS.Runtime.Fader::OnFadeTriggered(bool)	KB.FogRTS.Runtime.Fader::OnFadeTriggered	82	2	2	0
5268	0x06000046	KB.FogRTS.Runtime.Fader	KB.FogRTS.Runtime.Fader::.ctor()	KB.FogRTS.Runtime.Fader::.ctor	41	0	8	0
5269	0x06000047	KB.FogRTS.Runtime.FogOfWarManager	KB.FogRTS.Runtime.FogOfWarManager::set_Instance(KB.FogRTS.Runtime.FogOfWarManager)	KB.FogRTS.Runtime.FogOfWarManager::set_Instance	7	0	8	0
5270	0x06000048	KB.FogRTS.Runtime.FogOfWarManager	KB.FogRTS.Runtime.FogOfWarManager::get_Instance()	KB.FogRTS.Runtime.FogOfWarManager::get_Instance	6	0	8	0
5271	0x06000049	KB.FogRTS.Runtime.FogOfWarManager	KB.FogRTS.Runtime.FogOfWarManager::RefreshThisFrame()	KB.FogRTS.Runtime.FogOfWarManager::RefreshThisFrame	12	0	8	0
5272	0x0600004A	KB.FogRTS.Runtime.FogOfWarManager	KB.FogRTS.Runtime.FogOfWarManager::GetDataToSave()	KB.FogRTS.Runtime.FogOfWarManager::GetDataToSave	257	7	5	0
5273	0x0600004B	KB.FogRTS.Runtime.FogOfWarManager	KB.FogRTS.Runtime.FogOfWarManager::Load(UnityEngine.Vector2Int[])	KB.FogRTS.Runtime.FogOfWarManager::Load	252	6	5	0
5274	0x0600004C	KB.FogRTS.Runtime.FogOfWarManager	KB.FogRTS.Runtime.FogOfWarManager::Awake()	KB.FogRTS.Runtime.FogOfWarManager::Awake	38	0	8	0
5275	0x0600004D	KB.FogRTS.Runtime.FogOfWarManager	KB.FogRTS.Runtime.FogOfWarManager::OnEnable()	KB.FogRTS.Runtime.FogOfWarManager::OnEnable	61	0	8	0
5276	0x0600004E	KB.FogRTS.Runtime.FogOfWarManager	KB.FogRTS.Runtime.FogOfWarManager::OnDisable()	KB.FogRTS.Runtime.FogOfWarManager::OnDisable	66	0	2	0
5277	0x0600004F	KB.FogRTS.Runtime.FogOfWarManager	KB.FogRTS.Runtime.FogOfWarManager::Update()	KB.FogRTS.Runtime.FogOfWarManager::Update	32	1	2	0
5278	0x06000050	KB.FogRTS.Runtime.FogOfWarManager	KB.FogRTS.Runtime.FogOfWarManager::LateUpdate()	KB.FogRTS.Runtime.FogOfWarManager::LateUpdate	114	0	3	0
5279	0x06000051	KB.FogRTS.Runtime.FogOfWarManager	KB.FogRTS.Runtime.FogOfWarManager::OnDestroy()	KB.FogRTS.Runtime.FogOfWarManager::OnDestroy	7	0	8	0
5280	0x06000052	KB.FogRTS.Runtime.FogOfWarManager	KB.FogRTS.Runtime.FogOfWarManager::Init()	KB.FogRTS.Runtime.FogOfWarManager::Init	239	1	10	0
5281	0x06000053	KB.FogRTS.Runtime.FogOfWarManager	KB.FogRTS.Runtime.FogOfWarManager::Dispose()	KB.FogRTS.Runtime.FogOfWarManager::Dispose	50	0	8	0
5282	0x06000054	KB.FogRTS.Runtime.FogOfWarManager	KB.FogRTS.Runtime.FogOfWarManager::.ctor()	KB.FogRTS.Runtime.FogOfWarManager::.ctor	228	0	5	0
5283	0x06000055	KB.FogRTS.Runtime.FogResources	KB.FogRTS.Runtime.FogResources::GetVision()	KB.FogRTS.Runtime.FogResources::GetVision	11	0	8	0
5284	0x06000056	KB.FogRTS.Runtime.FogResources	KB.FogRTS.Runtime.FogResources::GetBlitGaussianBlur()	KB.FogRTS.Runtime.FogResources::GetBlitGaussianBlur	11	0	8	0
5285	0x06000057	KB.FogRTS.Runtime.FogResources	KB.FogRTS.Runtime.FogResources::GetFogScreenEffect()	KB.FogRTS.Runtime.FogResources::GetFogScreenEffect	11	0	8	0
5286	0x06000058	KB.FogRTS.Runtime.FogResources	KB.FogRTS.Runtime.FogResources::GetFogOverlayUI()	KB.FogRTS.Runtime.FogResources::GetFogOverlayUI	11	0	8	0
5287	0x06000059	KB.FogRTS.Runtime.FogResources	KB.FogRTS.Runtime.FogResources::GetCalculateVision()	KB.FogRTS.Runtime.FogResources::GetCalculateVision	11	0	8	0
5288	0x0600005A	KB.FogRTS.Runtime.FogResources	KB.FogRTS.Runtime.FogResources::GetLoadFog()	KB.FogRTS.Runtime.FogResources::GetLoadFog	11	0	8	0
5289	0x0600005B	KB.FogRTS.Runtime.FogResources	KB.FogRTS.Runtime.FogResources::GetQuad()	KB.FogRTS.Runtime.FogResources::GetQuad	11	0	8	0
5290	0x0600005C	KB.FogRTS.Runtime.FogResources	KB.FogRTS.Runtime.FogResources::GetInstance()	KB.FogRTS.Runtime.FogResources::GetInstance	44	0	8	0
5291	0x0600005D	KB.FogRTS.Runtime.FogResources	KB.FogRTS.Runtime.FogResources::Init()	KB.FogRTS.Runtime.FogResources::Init	288	1	7	0
5292	0x0600005E	KB.FogRTS.Runtime.FogResources	KB.FogRTS.Runtime.FogResources::.ctor()	KB.FogRTS.Runtime.FogResources::.ctor	7	0	8	0
5293	0x0600005F	KB.FogRTS.Runtime.MapFogOverlayUI	KB.FogRTS.Runtime.MapFogOverlayUI::Awake()	KB.FogRTS.Runtime.MapFogOverlayUI::Awake	72	3	2	0
5294	0x06000060	KB.FogRTS.Runtime.MapFogOverlayUI	KB.FogRTS.Runtime.MapFogOverlayUI::SetFogProperties()	KB.FogRTS.Runtime.MapFogOverlayUI::SetFogProperties	89	0	3	0
5295	0x06000061	KB.FogRTS.Runtime.MapFogOverlayUI	KB.FogRTS.Runtime.MapFogOverlayUI::OnDestroy()	KB.FogRTS.Runtime.MapFogOverlayUI::OnDestroy	26	0	8	0
5296	0x06000062	KB.FogRTS.Runtime.MapFogOverlayUI	KB.FogRTS.Runtime.MapFogOverlayUI::.ctor()	KB.FogRTS.Runtime.MapFogOverlayUI::.ctor	69	0	5	0
5297	0x06000063	KB.FogRTS.Runtime.RotationHelper	KB.FogRTS.Runtime.RotationHelper::QuaternionToAngle(bool,Unity.Mathematics.quaternion)	KB.FogRTS.Runtime.RotationHelper::QuaternionToAngle	93	2	4	0
5298	0x06000064	KB.FogRTS.Runtime.RotationHelper	KB.FogRTS.Runtime.RotationHelper::Rotate2D(Unity.Mathematics.float2,float,float)	KB.FogRTS.Runtime.RotationHelper::Rotate2D	17	0	8	0
5299	0x06000065	KB.FogRTS.Runtime.RTHandleHelper	KB.FogRTS.Runtime.RTHandleHelper::CreateRT(UnityEngine.Vector2Int,UnityEngine.Experimental.Rendering.GraphicsFormat,UnityEngine.FilterMode,bool)	KB.FogRTS.Runtime.RTHandleHelper::CreateRT	46	0	20	0
5300	0x06000066	KB.FogRTS.Runtime.TransformHelper	KB.FogRTS.Runtime.TransformHelper::get_DummyTransform()	KB.FogRTS.Runtime.TransformHelper::get_DummyTransform	47	0	8	0
5301	0x06000067	KB.FogRTS.Runtime.VisibilitySwitch	KB.FogRTS.Runtime.VisibilitySwitch::add_OnVisibilityChanged(System.Action<bool>)	KB.FogRTS.Runtime.VisibilitySwitch::add_OnVisibilityChanged	41	3	3	0
5302	0x06000068	KB.FogRTS.Runtime.VisibilitySwitch	KB.FogRTS.Runtime.VisibilitySwitch::remove_OnVisibilityChanged(System.Action<bool>)	KB.FogRTS.Runtime.VisibilitySwitch::remove_OnVisibilityChanged	41	3	3	0
5303	0x06000069	KB.FogRTS.Runtime.VisibilitySwitch	KB.FogRTS.Runtime.VisibilitySwitch::add_TriggerFader(System.Action<bool>)	KB.FogRTS.Runtime.VisibilitySwitch::add_TriggerFader	41	3	3	0
5304	0x0600006A	KB.FogRTS.Runtime.VisibilitySwitch	KB.FogRTS.Runtime.VisibilitySwitch::remove_TriggerFader(System.Action<bool>)	KB.FogRTS.Runtime.VisibilitySwitch::remove_TriggerFader	41	3	3	0
5305	0x0600006B	KB.FogRTS.Runtime.VisibilitySwitch	KB.FogRTS.Runtime.VisibilitySwitch::get_IsVisible()	KB.FogRTS.Runtime.VisibilitySwitch::get_IsVisible	10	0	8	0
5306	0x0600006C	KB.FogRTS.Runtime.VisibilitySwitch	KB.FogRTS.Runtime.VisibilitySwitch::get_Layer()	KB.FogRTS.Runtime.VisibilitySwitch::get_Layer	7	0	8	0
5307	0x0600006D	KB.FogRTS.Runtime.VisibilitySwitch	KB.FogRTS.Runtime.VisibilitySwitch::set_Layer(KB.FogRTS.Runtime.VisionLayer)	KB.FogRTS.Runtime.VisibilitySwitch::set_Layer	8	0	8	0
5308	0x0600006E	KB.FogRTS.Runtime.VisibilitySwitch	KB.FogRTS.Runtime.VisibilitySwitch::set_Transform(UnityEngine.Transform)	KB.FogRTS.Runtime.VisibilitySwitch::set_Transform	8	0	8	0
5309	0x0600006F	KB.FogRTS.Runtime.VisibilitySwitch	KB.FogRTS.Runtime.VisibilitySwitch::get_Transform()	KB.FogRTS.Runtime.VisibilitySwitch::get_Transform	7	0	8	0
5310	0x06000070	KB.FogRTS.Runtime.VisibilitySwitch	KB.FogRTS.Runtime.VisibilitySwitch::Awake()	KB.FogRTS.Runtime.VisibilitySwitch::Awake	7	0	8	0
5311	0x06000071	KB.FogRTS.Runtime.VisibilitySwitch	KB.FogRTS.Runtime.VisibilitySwitch::OnEnable()	KB.FogRTS.Runtime.VisibilitySwitch::OnEnable	31	0	8	0
5312	0x06000072	KB.FogRTS.Runtime.VisibilitySwitch	KB.FogRTS.Runtime.VisibilitySwitch::OnDisable()	KB.FogRTS.Runtime.VisibilitySwitch::OnDisable	24	0	8	0
5313	0x06000073	KB.FogRTS.Runtime.VisibilitySwitch	KB.FogRTS.Runtime.VisibilitySwitch::Init()	KB.FogRTS.Runtime.VisibilitySwitch::Init	77	1	5	0
5314	0x06000074	KB.FogRTS.Runtime.VisibilitySwitch	KB.FogRTS.Runtime.VisibilitySwitch::AddCheckpoints()	KB.FogRTS.Runtime.VisibilitySwitch::AddCheckpoints	30	2	2	0
5315	0x06000075	KB.FogRTS.Runtime.VisibilitySwitch	KB.FogRTS.Runtime.VisibilitySwitch::RemoveCheckpoints()	KB.FogRTS.Runtime.VisibilitySwitch::RemoveCheckpoints	30	2	2	0
5316	0x06000076	KB.FogRTS.Runtime.VisibilitySwitch	KB.FogRTS.Runtime.VisibilitySwitch::SetVisibility(bool)	KB.FogRTS.Runtime.VisibilitySwitch::SetVisibility	99	1	2	0
5317	0x06000077	KB.FogRTS.Runtime.VisibilitySwitch	KB.FogRTS.Runtime.VisibilitySwitch::SetVisibilityState(bool)	KB.FogRTS.Runtime.VisibilitySwitch::SetVisibilityState	78	0	3	0
5318	0x06000078	KB.FogRTS.Runtime.VisibilitySwitch	KB.FogRTS.Runtime.VisibilitySwitch::CheckIfVisible()	KB.FogRTS.Runtime.VisibilitySwitch::CheckIfVisible	35	2	2	0
5319	0x06000079	KB.FogRTS.Runtime.VisibilitySwitch	KB.FogRTS.Runtime.VisibilitySwitch::.ctor()	KB.FogRTS.Runtime.VisibilitySwitch::.ctor	60	0	8	0
5320	0x0600007A	KB.FogRTS.Runtime.VisionSource	KB.FogRTS.Runtime.VisionSource::get_Shape()	KB.FogRTS.Runtime.VisionSource::get_Shape	7	0	8	0
5321	0x0600007B	KB.FogRTS.Runtime.VisionSource	KB.FogRTS.Runtime.VisionSource::set_Shape(KB.FogRTS.Runtime.VisionSource.VisionShape)	KB.FogRTS.Runtime.VisionSource::set_Shape	14	0	8	0
5322	0x0600007C	KB.FogRTS.Runtime.VisionSource	KB.FogRTS.Runtime.VisionSource::get_Layer()	KB.FogRTS.Runtime.VisionSource::get_Layer	7	0	8	0
5323	0x0600007D	KB.FogRTS.Runtime.VisionSource	KB.FogRTS.Runtime.VisionSource::set_Layer(KB.FogRTS.Runtime.VisionLayer)	KB.FogRTS.Runtime.VisionSource::set_Layer	14	0	8	0
5324	0x0600007E	KB.FogRTS.Runtime.VisionSource	KB.FogRTS.Runtime.VisionSource::get_PositionOffset()	KB.FogRTS.Runtime.VisionSource::get_PositionOffset	7	0	8	0
5325	0x0600007F	KB.FogRTS.Runtime.VisionSource	KB.FogRTS.Runtime.VisionSource::set_PositionOffset(UnityEngine.Vector2)	KB.FogRTS.Runtime.VisionSource::set_PositionOffset	14	0	8	0
5326	0x06000080	KB.FogRTS.Runtime.VisionSource	KB.FogRTS.Runtime.VisionSource::get_RotationOffset()	KB.FogRTS.Runtime.VisionSource::get_RotationOffset	7	0	8	0
5327	0x06000081	KB.FogRTS.Runtime.VisionSource	KB.FogRTS.Runtime.VisionSource::set_RotationOffset(float)	KB.FogRTS.Runtime.VisionSource::set_RotationOffset	20	0	8	0
5328	0x06000082	KB.FogRTS.Runtime.VisionSource	KB.FogRTS.Runtime.VisionSource::get_Scale()	KB.FogRTS.Runtime.VisionSource::get_Scale	7	0	8	0
5329	0x06000083	KB.FogRTS.Runtime.VisionSource	KB.FogRTS.Runtime.VisionSource::set_Scale(UnityEngine.Vector2)	KB.FogRTS.Runtime.VisionSource::set_Scale	24	0	8	0
5330	0x06000084	KB.FogRTS.Runtime.VisionSource	KB.FogRTS.Runtime.VisionSource::set_Transform(UnityEngine.Transform)	KB.FogRTS.Runtime.VisionSource::set_Transform	8	0	8	0
5331	0x06000085	KB.FogRTS.Runtime.VisionSource	KB.FogRTS.Runtime.VisionSource::get_Transform()	KB.FogRTS.Runtime.VisionSource::get_Transform	7	0	8	0
5332	0x06000086	KB.FogRTS.Runtime.VisionSource	KB.FogRTS.Runtime.VisionSource::Awake()	KB.FogRTS.Runtime.VisionSource::Awake	13	0	8	0
5333	0x06000087	KB.FogRTS.Runtime.VisionSource	KB.FogRTS.Runtime.VisionSource::OnEnable()	KB.FogRTS.Runtime.VisionSource::OnEnable	7	0	8	0
5334	0x06000088	KB.FogRTS.Runtime.VisionSource	KB.FogRTS.Runtime.VisionSource::OnDisable()	KB.FogRTS.Runtime.VisionSource::OnDisable	7	0	8	0
5335	0x06000089	KB.FogRTS.Runtime.VisionSource	KB.FogRTS.Runtime.VisionSource::UpdateData()	KB.FogRTS.Runtime.VisionSource::UpdateData	6	0	8	0
5336	0x0600008A	KB.FogRTS.Runtime.VisionSource	KB.FogRTS.Runtime.VisionSource::.ctor()	KB.FogRTS.Runtime.VisionSource::.ctor	36	0	8	0
5337	0x0600008B	KB.FogRTS.Runtime.CheckPointContainer/CheckIsInVisionJob	KB.FogRTS.Runtime.CheckPointContainer.CheckIsInVisionJob::Execute(int,UnityEngine.Jobs.TransformAccess)	KB.FogRTS.Runtime.CheckPointContainer/CheckIsInVisionJob::Execute	139	4	5	0
5338	0x0600008C	KB.FogRTS.Runtime.CheckPointContainer/CheckIsInVisionJob	KB.FogRTS.Runtime.CheckPointContainer.CheckIsInVisionJob::CalculatePointPosition(Unity.Mathematics.float3,Unity.Mathematics.quaternion,Unity.Mathematics.float2)	KB.FogRTS.Runtime.CheckPointContainer/CheckIsInVisionJob::CalculatePointPosition	61	3	3	0
5339	0x0600008D	KB.FogRTS.Runtime.CheckPointContainer/CheckIsInVisionJob	KB.FogRTS.Runtime.CheckPointContainer.CheckIsInVisionJob::CheckIsInPosition(Unity.Mathematics.float2,int)	KB.FogRTS.Runtime.CheckPointContainer/CheckIsInVisionJob::CheckIsInPosition	130	5	6	0
5340	0x0600008E	KB.FogRTS.Runtime.CheckPointContainer/CheckIsInVisionJob	KB.FogRTS.Runtime.CheckPointContainer.CheckIsInVisionJob::TransformPointPositionToVisionPosition(Unity.Mathematics.float2,Unity.Mathematics.float2,Unity.Mathematics.float2,Unity.Mathematics.float2)	KB.FogRTS.Runtime.CheckPointContainer/CheckIsInVisionJob::TransformPointPositionToVisionPosition	96	3	4	0
5341	0x0600008F	KB.FogRTS.Runtime.CheckPointContainer/CheckIsInVisionJob	KB.FogRTS.Runtime.CheckPointContainer.CheckIsInVisionJob::IsInCircle(Unity.Mathematics.float2)	KB.FogRTS.Runtime.CheckPointContainer/CheckIsInVisionJob::IsInCircle	17	0	8	0
5342	0x06000090	KB.FogRTS.Runtime.CheckPointContainer/CheckIsInVisionJob	KB.FogRTS.Runtime.CheckPointContainer.CheckIsInVisionJob::IsInSquare(Unity.Mathematics.float2)	KB.FogRTS.Runtime.CheckPointContainer/CheckIsInVisionJob::IsInSquare	42	0	8	0
5343	0x06000091	KB.FogRTS.Runtime.CheckPointContainer/CheckIsInVisionJob	KB.FogRTS.Runtime.CheckPointContainer.CheckIsInVisionJob::EdgeFunction(Unity.Mathematics.float2,Unity.Mathematics.float2,Unity.Mathematics.float2)	KB.FogRTS.Runtime.CheckPointContainer/CheckIsInVisionJob::EdgeFunction	56	0	8	0
5344	0x06000092	KB.FogRTS.Runtime.CheckPointContainer/CheckIsInVisionJob	KB.FogRTS.Runtime.CheckPointContainer.CheckIsInVisionJob::IsInTriangle(Unity.Mathematics.float2)	KB.FogRTS.Runtime.CheckPointContainer/CheckIsInVisionJob::IsInTriangle	111	5	5	0
5345	0x06000093	KB.FogRTS.Runtime.VisionContainer/SetPositionsAndRotationsJob	KB.FogRTS.Runtime.VisionContainer.SetPositionsAndRotationsJob::Execute(int,UnityEngine.Jobs.TransformAccess)	KB.FogRTS.Runtime.VisionContainer/SetPositionsAndRotationsJob::Execute	185	6	4	0
5346	0x06000094	KB.FogRTS.Runtime.ScreenEffectPass/FogOfWarRenderPass	KB.FogRTS.Runtime.ScreenEffectPass.FogOfWarRenderPass::.ctor(UnityEngine.Rendering.Universal.RenderPassEvent)	KB.FogRTS.Runtime.ScreenEffectPass/FogOfWarRenderPass::.ctor	14	0	8	0
5347	0x06000095	KB.FogRTS.Runtime.ScreenEffectPass/FogOfWarRenderPass	KB.FogRTS.Runtime.ScreenEffectPass.FogOfWarRenderPass::Execute(UnityEngine.Rendering.ScriptableRenderContext,ref UnityEngine.Rendering.Universal.RenderingData)	KB.FogRTS.Runtime.ScreenEffectPass/FogOfWarRenderPass::Execute	52	2	5	0
