_Module_.il	<Module>	45
_PrivateImplementationDetails_.il	<PrivateImplementationDetails>	261
KB.FogRTS.Examples.CameraController.il	KB.FogRTS.Examples.CameraController	4218
KB.FogRTS.Examples.Floor.il	KB.FogRTS.Examples.Floor	346
KB.FogRTS.Examples.LayerController.il	KB.FogRTS.Examples.LayerController	8316
KB.FogRTS.Examples.MapMarker.il	KB.FogRTS.Examples.MapMarker	2427
KB.FogRTS.Examples.MapMarkersManager.il	KB.FogRTS.Examples.MapMarkersManager	14655
KB.FogRTS.Examples.ToggleMap.il	KB.FogRTS.Examples.ToggleMap	1518
KB.FogRTS.Examples.Unit.il	KB.FogRTS.Examples.Unit	3415
KB.FogRTS.Examples.UnitManager.il	KB.FogRTS.Examples.UnitManager	7678
UnitySourceGeneratedAssemblyMonoScriptTypes_v1.il	UnitySourceGeneratedAssemblyMonoScriptTypes_v1	2547
