scene,name,path,points,length,cx,cy,cz,flying,smallGround,bigGround,difficulty,sharedPaths,separatedPaths,polylineXYZ
Neuland(Tutorial),Forest,ES Tutorial/Forest,2,17.443,48.75,0.0,-94.9,,,,n/a,,,"[[47.3, 0.0, -86.3], [50.2, 0.0, -103.5]]"
Nordfels,Right Bridge,ES Nordfels/Right Bridge,2,16.381,54.335,0.0,-64.03,True,True,True,Normal,Forest,,"[[59.13, 0.0, -57.39], [49.54, 0.0, -70.67]]"
Nordfels,Main Bridge,ES Nordfels/Main Bridge,2,20.251,-6.155,0.0,-88.76,True,True,True,Normal,,,"[[-16.27, 0.0, -88.3], [3.96, 0.0, -89.22]]"
Nordfels,Fly - River,ES Nordfels/Fly - River,3,89.242,-53.017,5.4,-53.857,True,False,False,Normal,Fly - River,Forest,"[[-70.6, 5.4, -16.8], [-62.88, 5.4, -57.19], [-25.57, 5.4, -87.58]]"
Nordfels,Spawn,BUILDINGS/Summoning Circle (1)/Spawn,4,1.586,55.973,0.0,-11.976,True,True,True,Normal,,,"[[55.973, 0.0, -11.748], [55.707, 0.0, -12.203], [56.239, 0.0, -12.203], [55.973, 0.0, -11.748]]"
Nordfels,Spawn,BUILDINGS/Summoning Circle/Spawn,4,1.588,-44.905,0.0,-35.471,True,True,True,Normal,,,"[[-44.905, 0.0, -35.243], [-45.171, 0.0, -35.698], [-44.638, 0.0, -35.698], [-44.905, 0.0, -35.243]]"
Nordfels,Forest,ES Nordfels/Forest,2,11.783,71.645,0.0,-0.805,True,True,True,Normal,Right Bridge,Fly - Pond;Fly - River,"[[67.56, 0.0, 3.44], [75.73, 0.0, -5.05]]"
Nordfels,Fly - Pond,ES Nordfels/Fly - Pond,2,22.809,-65.15,5.4,19.0,True,False,False,Normal,Fly - Pond,Forest,"[[-63.0, 5.4, 30.2], [-67.3, 5.4, 7.8]]"
Durststein,FarmFlyers,ES Durststein/FarmFlyers,2,16.018,142.41,32.39,69.475,True,False,False,Normal,,Left Front Road;Left Back Road,"[[137.25, 32.39, 75.6], [147.57, 32.39, 63.35]]"
Durststein,High Back Road,ES Durststein/High Back Road,2,34.912,-33.15,29.35,135.75,True,True,False,Normal,,Left Front Road;Left Back Road,"[[-16.6, 29.3, 130.2], [-49.7, 29.4, 141.3]]"
Durststein,FrontFlyersRight,ES Durststein/FrontFlyersRight,2,29.162,56.6,16.065,-45.115,True,False,False,Normal,FrontFlyersLeft,,"[[42.02, 14.97, -44.94], [71.18, 17.16, -45.29]]"
Durststein,Left Front Road,ES Durststein/Left Front Road,2,10.58,-138.05,1.485,17.75,True,True,True,EasierForPlayerToDealWith,Left Back Road,High Back Road;Right Farm Road;Front Road,"[[-134.9, 1.5, 22.0], [-141.2, 1.47, 13.5]]"
Durststein,Spawn,BUILDINGS/Summoning Circle/Spawn,4,1.588,-54.352,29.22,87.458,True,True,True,Normal,,,"[[-54.352, 29.22, 87.685], [-54.619, 29.22, 87.23], [-54.086, 29.22, 87.23], [-54.352, 29.22, 87.685]]"
Durststein,Spawn,BUILDINGS/Summoning Circle/Spawn,4,1.586,87.573,13.52,2.894,True,True,True,Normal,,,"[[87.573, 13.52, 3.122], [87.307, 13.52, 2.667], [87.839, 13.52, 2.667], [87.573, 13.52, 3.122]]"
Durststein,Front Road,ES Durststein/Front Road,2,23.101,-36.06,4.37,-43.68,True,True,True,Normal,FrontFlyersLeft,Left Front Road;Left Back Road,"[[-47.61, 4.0, -43.76], [-24.51, 4.74, -43.6]]"
Durststein,FrontFlyersLeft,ES Durststein/FrontFlyersLeft,2,44.131,8.41,12.475,-41.45,True,False,False,Normal,FrontFlyersRight;Front Road,,"[[-13.35, 11.75, -37.79], [30.17, 13.2, -45.11]]"
Durststein,Left Back Road,ES Durststein/Left Back Road,2,51.969,-108.29,23.535,56.38,True,True,True,Normal,Left Front Road,High Back Road;Right Farm Road;Front Road,"[[-87.6, 24.37, 72.1], [-128.98, 22.7, 40.66]]"
Durststein,Right Farm Road,ES Durststein/Right Farm Road,2,13.954,147.4,1.085,-12.6,True,True,True,Normal,,Left Front Road;Left Back Road,"[[141.2, 0.9, -9.4], [153.6, 1.27, -15.8]]"
Frostsee,Right River AIR,ES Eisloch/Right River AIR,2,29.774,40.05,22.5,-77.45,True,False,False,Normal,Far Right;Close Right,,"[[51.3, 22.5, -67.7], [28.8, 22.5, -87.2]]"
Frostsee,Far Right,ES Eisloch/Far Right,2,22.244,-76.4,14.1,-112.9,True,True,True,Normal,Close Right;Right River AIR,Close Left,"[[-65.3, 14.1, -113.6], [-87.5, 14.1, -112.2]]"
Frostsee,Close Left,ES Eisloch/Close Left,2,9.353,-38.315,14.1,60.31,True,True,True,HarderForPlayerToDealWith,Far Left,Far Right,"[[-42.89, 14.1, 61.28], [-33.74, 14.1, 59.34]]"
Frostsee,Spawn,BUILDINGS/Summoning Circle (1)/Spawn,4,1.586,-109.107,13.597,12.415,True,True,True,Normal,,,"[[-109.107, 13.597, 12.642], [-109.373, 13.597, 12.187], [-108.841, 13.597, 12.187], [-109.107, 13.597, 12.642]]"
Frostsee,Spawn,BUILDINGS/Summoning Circle/Spawn,4,1.588,-28.043,13.49,-54.975,True,True,True,Normal,,,"[[-28.043, 13.49, -54.748], [-28.309, 13.49, -55.203], [-27.776, 13.49, -55.203], [-28.043, 13.49, -54.748]]"
Frostsee,Close Right,ES Eisloch/Close Right,2,7.577,-28.3,14.1,-75.55,True,True,True,Normal,Far Right;Right River AIR,Far Left,"[[-24.8, 14.1, -74.1], [-31.8, 14.1, -77.0]]"
Frostsee,Far Left,ES Eisloch/Far Left,2,16.09,-144.7,14.1,-14.5,True,True,True,EasierForPlayerToDealWith,Close Left,Close Right,"[[-140.1, 14.1, -7.9], [-149.3, 14.1, -21.1]]"
Frostsee,BOSS FIGHT,BOSS FIGHT,3,17.118,-52.777,9.367,-11.417,,,,n/a,,,"[[-49.1, 13.0, -13.2], [-50.21, 0.2, -7.21], [-59.02, 14.9, -13.84]]"
Uferwind,Spawn 3,ES Uferwind/Spawn 3,2,29.494,-65.485,14.15,24.455,True,True,True,Normal,Spawn 2;Spawn 4,Spawn 2 Air;Spawn 3 Air;Spawn 4 Air,"[[-79.02, 14.15, 18.6], [-51.95, 14.15, 30.31]]"
Uferwind,Spawn 6,ES Uferwind/Spawn 6,2,17.997,50.95,14.15,8.15,True,True,True,Normal,Spawn 5;Spawn 7,Spawn 2 Air;Spawn 1 Air;Spawn 1;Spawn 2,"[[46.48, 14.15, 15.96], [55.42, 14.15, 0.34]]"
Uferwind,Spawn 1 Air,ES Uferwind/Spawn 1 Air,2,47.73,-49.9,19.6,-182.25,True,False,False,Normal,Spawn 2 Air,Spawn 4;Spawn 5;Spawn 6;Spawn 7,"[[-33.1, 19.6, -199.2], [-66.7, 19.6, -165.3]]"
Uferwind,Spawn 4 Air,ES Uferwind/Spawn 4 Air,2,42.711,94.1,19.6,-63.95,True,False,False,Normal,Spawn 3 Air,Spawn 1;Spawn 2;Spawn 3,"[[90.5, 19.6, -42.9], [97.7, 19.6, -85.0]]"
Uferwind,Spawn 2 Air,ES Uferwind/Spawn 2 Air,2,41.643,28.2,19.6,-206.15,True,False,False,Normal,Spawn 1 Air;Spawn 3 Air,Spawn 2;Spawn 3;Spawn 4;Spawn 5;Spawn 6;Spawn 7,"[[47.0, 19.6, -197.2], [9.4, 19.6, -215.1]]"
Uferwind,Spawn 3 Air,ES Uferwind/Spawn 3 Air,2,51.919,80.0,19.6,-143.45,True,False,False,Normal,Spawn 2 Air;Spawn 4 Air,Spawn 1;Spawn 2;Spawn 3;Spawn 4;Spawn 5,"[[93.7, 19.6, -121.4], [66.3, 19.6, -165.5]]"
Uferwind,Spawn,BUILDINGS/Summoning Circle (1)/Spawn,4,1.586,42.121,17.6,-96.428,True,True,True,Normal,,,"[[42.121, 17.6, -96.2], [41.855, 17.6, -96.655], [42.387, 17.6, -96.655], [42.121, 17.6, -96.2]]"
Uferwind,Spawn,BUILDINGS/Summoning Circle/Spawn,4,1.586,7.093,14.407,-154.416,True,True,True,Normal,,,"[[7.093, 14.407, -154.188], [6.827, 14.407, -154.643], [7.359, 14.407, -154.643], [7.093, 14.407, -154.188]]"
Uferwind,Spawn 7,ES Uferwind/Spawn 7,2,13.784,66.46,14.15,-16.15,True,True,True,Normal,Spawn 6;Spawn 4 Air;Spawn 5,Spawn 2 Air;Spawn 1 Air;Spawn 1;Spawn 2,"[[62.66, 14.15, -10.4], [70.26, 14.15, -21.9]]"
Uferwind,Spawn 2,ES Uferwind/Spawn 2,2,12.734,-93.83,14.15,0.045,True,True,True,Normal,Spawn 1;Spawn 3,Spawn 2 Air;Spawn 3 Air;Spawn 4 Air;Spawn 6;Spawn 7,"[[-96.26, 14.15, -5.84], [-91.4, 14.15, 5.93]]"
Uferwind,Spawn 1,ES Uferwind/Spawn 1,4,67.261,-98.705,14.15,-66.412,True,True,True,Normal,Spawn 2,Spawn 7;Spawn 3 Air;Spawn 4 Air;Spawn 6,"[[-82.97, 14.15, -92.87], [-97.42, 14.15, -80.51], [-109.2, 14.15, -56.87], [-105.23, 14.15, -35.4]]"
Uferwind,Spawn 4,ES Uferwind/Spawn 4,2,15.399,-33.52,14.15,35.705,True,True,True,Normal,Spawn 3;Spawn 5,Spawn 2 Air;Spawn 3 Air;Spawn 1 Air,"[[-41.09, 14.15, 34.3], [-25.95, 14.15, 37.11]]"
Uferwind,Spawn 5,ES Uferwind/Spawn 5,2,13.775,19.945,14.15,31.8,True,True,True,Normal,Spawn 4;Spawn 6;Spawn 7,Spawn 2 Air;Spawn 3 Air;Spawn 1 Air,"[[13.76, 14.15, 34.83], [26.13, 14.15, 28.77]]"
Sturmklamm,Bridge Broken,ES Sturmklamm/Bridge Broken,2,14.112,-139.695,18.61,78.126,True,False,False,Normal,,Base Left Air;Base Right Air,"[[-139.482, 18.61, 71.073], [-139.907, 18.61, 85.179]]"
Sturmklamm,Bridge 3,ES Sturmklamm/Bridge 3,2,14.113,-44.286,18.28,-78.74,True,True,True,Normal,Bridge 2,Base Left Air;Base Right Air,"[[-37.43, 18.28, -80.41], [-51.142, 18.28, -77.07]]"
Sturmklamm,Base Left Air,ES Sturmklamm/Base Left Air,2,40.88,-9.5,36.2,54.1,True,False,False,Normal,Base Right Air,Bridge 1;Bridge 2;Bridge 3;Bridge Broken;West Air,"[[-21.7, 36.2, 70.5], [2.7, 36.2, 37.7]]"
Sturmklamm,Base Right Air,ES Sturmklamm/Base Right Air,2,43.621,17.35,36.2,17.75,True,False,False,Normal,Base Left Air,Bridge 1;Bridge 2;Bridge 3;Bridge Broken;West Air,"[[4.4, 36.2, 35.3], [30.3, 36.2, 0.2]]"
Sturmklamm,Spawn,BUILDINGS/Summoning Circle (1)/Spawn,4,1.588,-109.308,17.897,81.454,True,True,True,Normal,,,"[[-109.308, 17.897, 81.682], [-109.574, 17.897, 81.227], [-109.041, 17.897, 81.227], [-109.308, 17.897, 81.682]]"
Sturmklamm,Spawn,BUILDINGS/Summoning Circle (2)/Spawn,4,1.586,-112.486,17.897,70.566,True,True,True,Normal,,,"[[-112.486, 17.897, 70.794], [-112.752, 17.897, 70.339], [-112.22, 17.897, 70.339], [-112.486, 17.897, 70.794]]"
Sturmklamm,Spawn,BUILDINGS/Summoning Circle/Spawn,4,1.588,-104.463,17.897,74.468,True,True,True,Normal,,,"[[-104.463, 17.897, 74.695], [-104.73, 17.897, 74.24], [-104.197, 17.897, 74.24], [-104.463, 17.897, 74.695]]"
Sturmklamm,Bridge 2,ES Sturmklamm/Bridge 2,2,14.113,-87.064,18.28,-59.06,True,True,True,Normal,Bridge 3,Base Left Air;Base Right Air,"[[-81.5, 18.28, -63.4], [-92.628, 18.28, -54.72]]"
Sturmklamm,Bridge 1,ES Sturmklamm/Bridge 1,2,14.113,-124.415,18.28,-7.575,True,True,True,Normal,,Base Left Air;Base Right Air,"[[-121.39, 18.28, -13.95], [-127.44, 18.28, -1.2]]"
Sturmklamm,West Air,ES Sturmklamm/West Air,2,14.112,-86.668,23.3,114.367,True,False,False,Normal,,Base Left Air;Base Right Air,"[[-93.436, 23.3, 112.37], [-79.901, 23.3, 116.364]]"
Sturmklamm,Marker Pos,Bosses/Eldermolde Statue/Marker Pos,1,0.0,-84.278,25.65,-16.047,,,,n/a,,,"[[-84.278, 25.65, -16.047]]"
Sturmklamm,Marker Pos,Bosses/Eldermolde Statue (1)/Marker Pos,1,0.0,-26.128,25.247,-60.947,,,,n/a,,,"[[-26.128, 25.247, -60.947]]"
Sturmklamm,Marker Pos,Bosses/Eldermolde Statue (2)/Marker Pos,1,0.0,-113.2,25.65,42.4,,,,n/a,,,"[[-113.2, 25.65, 42.4]]"
Sturmklamm,Marker Pos,Bosses/Eldermolde Statue (3)/Marker Pos,1,0.0,-91.448,25.65,72.563,,,,n/a,,,"[[-91.448, 25.65, 72.563]]"
Nordfels Bow Micro,Right Bridge,ES Nordfels Bow Micro/Right Bridge,2,16.381,54.335,0.0,-64.03,True,True,True,Normal,Forest,,"[[59.13, 0.0, -57.39], [49.54, 0.0, -70.67]]"
Nordfels Bow Micro,Main Bridge,ES Nordfels Bow Micro/Main Bridge,2,20.251,-6.155,0.0,-88.76,True,True,True,Normal,,,"[[-16.27, 0.0, -88.3], [3.96, 0.0, -89.22]]"
Nordfels Bow Micro,Fly - River,ES Nordfels Bow Micro/Fly - River,3,89.242,-53.017,5.4,-53.857,True,False,False,Normal,Fly - River,Forest,"[[-70.6, 5.4, -16.8], [-62.88, 5.4, -57.19], [-25.57, 5.4, -87.58]]"
Nordfels Bow Micro,Forest,ES Nordfels Bow Micro/Forest,2,11.783,71.645,0.0,-0.805,True,True,True,Normal,Right Bridge,Fly - Pond;Fly - River,"[[67.56, 0.0, 3.44], [75.73, 0.0, -5.05]]"
Nordfels Bow Micro,Fly - Pond,ES Nordfels Bow Micro/Fly - Pond,2,22.809,-65.15,5.4,19.0,True,False,False,Normal,Fly - Pond,Forest,"[[-63.0, 5.4, 30.2], [-67.3, 5.4, 7.8]]"
Nordfels Siege,Right Bridge,ES Nordfels Siege/Right Bridge,2,16.381,54.335,0.0,-64.03,True,True,True,Normal,Forest,,"[[59.13, 0.0, -57.39], [49.54, 0.0, -70.67]]"
Nordfels Siege,Main Bridge,ES Nordfels Siege/Main Bridge,2,20.251,-6.155,0.0,-88.76,True,True,True,Normal,,,"[[-16.27, 0.0, -88.3], [3.96, 0.0, -89.22]]"
Nordfels Siege,Fly - River,ES Nordfels Siege/Fly - River,3,89.242,-53.017,5.4,-53.857,True,False,False,Normal,Fly - River,Forest,"[[-70.6, 5.4, -16.8], [-62.88, 5.4, -57.19], [-25.57, 5.4, -87.58]]"
Nordfels Siege,Forest,ES Nordfels Siege/Forest,2,11.783,71.645,0.0,-0.805,True,True,True,Normal,Right Bridge,Fly - Pond;Fly - River,"[[67.56, 0.0, 3.44], [75.73, 0.0, -5.05]]"
Nordfels Siege,Fly - Pond,ES Nordfels Siege/Fly - Pond,2,22.809,-65.15,5.4,19.0,True,False,False,Normal,Fly - Pond,Forest,"[[-63.0, 5.4, 30.2], [-67.3, 5.4, 7.8]]"
Nordfels Commander,Right Bridge,ES Nordfels Commander/Right Bridge,2,16.381,54.335,0.0,-64.03,True,True,True,Normal,Forest,,"[[59.13, 0.0, -57.39], [49.54, 0.0, -70.67]]"
Nordfels Commander,Main Bridge,ES Nordfels Commander/Main Bridge,2,20.251,-6.155,0.0,-88.76,True,True,True,Normal,,,"[[-16.27, 0.0, -88.3], [3.96, 0.0, -89.22]]"
Nordfels Commander,Fly - River,ES Nordfels Commander/Fly - River,3,89.242,-53.017,5.4,-53.857,True,False,False,Normal,Fly - River,Forest,"[[-70.6, 5.4, -16.8], [-62.88, 5.4, -57.19], [-25.57, 5.4, -87.58]]"
Nordfels Commander,Forest,ES Nordfels Commander/Forest,2,11.783,71.645,0.0,-0.805,True,True,True,Normal,Right Bridge,Fly - Pond;Fly - River,"[[67.56, 0.0, 3.44], [75.73, 0.0, -5.05]]"
Nordfels Commander,Fly - Pond,ES Nordfels Commander/Fly - Pond,2,22.809,-65.15,5.4,19.0,True,False,False,Normal,Fly - Pond,Forest,"[[-63.0, 5.4, 30.2], [-67.3, 5.4, 7.8]]"
Durststein Gold Puzzle,FarmFlyers,ES Durststein Gold Puzzle/FarmFlyers,2,16.018,142.41,32.39,69.475,True,False,False,Normal,,Left Front Road;Left Back Road,"[[137.25, 32.39, 75.6], [147.57, 32.39, 63.35]]"
Durststein Gold Puzzle,High Back Road,ES Durststein Gold Puzzle/High Back Road,2,34.912,-33.15,29.35,135.75,True,True,False,Normal,,Left Front Road;Left Back Road,"[[-16.6, 29.3, 130.2], [-49.7, 29.4, 141.3]]"
Durststein Gold Puzzle,FrontFlyersRight,ES Durststein Gold Puzzle/FrontFlyersRight,2,29.162,56.6,16.065,-45.115,True,False,False,Normal,FrontFlyersLeft,,"[[42.02, 14.97, -44.94], [71.18, 17.16, -45.29]]"
Durststein Gold Puzzle,Left Front Road,ES Durststein Gold Puzzle/Left Front Road,2,10.58,-138.05,1.485,17.75,True,True,True,EasierForPlayerToDealWith,Left Back Road,High Back Road;Right Farm Road;Front Road,"[[-134.9, 1.5, 22.0], [-141.2, 1.47, 13.5]]"
Durststein Gold Puzzle,Front Road,ES Durststein Gold Puzzle/Front Road,2,23.101,-36.06,4.37,-43.68,True,True,True,Normal,FrontFlyersLeft,Left Front Road;Left Back Road,"[[-47.61, 4.0, -43.76], [-24.51, 4.74, -43.6]]"
Durststein Gold Puzzle,FrontFlyersLeft,ES Durststein Gold Puzzle/FrontFlyersLeft,2,44.131,8.41,12.475,-41.45,True,False,False,Normal,FrontFlyersRight;Front Road,,"[[-13.35, 11.75, -37.79], [30.17, 13.2, -45.11]]"
Durststein Gold Puzzle,Left Back Road,ES Durststein Gold Puzzle/Left Back Road,2,51.969,-108.29,23.535,56.38,True,True,True,Normal,Left Front Road,High Back Road;Right Farm Road;Front Road,"[[-87.6, 24.37, 72.1], [-128.98, 22.7, 40.66]]"
Durststein Gold Puzzle,Right Farm Road,ES Durststein Gold Puzzle/Right Farm Road,2,13.954,147.4,1.085,-12.6,True,True,True,Normal,,Left Front Road;Left Back Road,"[[141.2, 0.9, -9.4], [153.6, 1.27, -15.8]]"
Durststein Speedrun,FarmFlyers,ES Durststein/FarmFlyers,2,16.018,142.41,32.39,69.475,True,False,False,Normal,,Left Front Road;Left Back Road,"[[137.25, 32.39, 75.6], [147.57, 32.39, 63.35]]"
Durststein Speedrun,High Back Road,ES Durststein/High Back Road,2,34.912,-33.15,29.35,135.75,True,True,False,Normal,,Left Front Road;Left Back Road,"[[-16.6, 29.3, 130.2], [-49.7, 29.4, 141.3]]"
Durststein Speedrun,FrontFlyersRight,ES Durststein/FrontFlyersRight,2,29.162,56.6,16.065,-45.115,True,False,False,Normal,FrontFlyersLeft,,"[[42.02, 14.97, -44.94], [71.18, 17.16, -45.29]]"
Durststein Speedrun,Left Front Road,ES Durststein/Left Front Road,2,10.58,-138.05,1.485,17.75,True,True,True,EasierForPlayerToDealWith,Left Back Road,High Back Road;Right Farm Road;Front Road,"[[-134.9, 1.5, 22.0], [-141.2, 1.47, 13.5]]"
Durststein Speedrun,Front Road,ES Durststein/Front Road,2,23.101,-36.06,4.37,-43.68,True,True,True,Normal,FrontFlyersLeft,Left Front Road;Left Back Road,"[[-47.61, 4.0, -43.76], [-24.51, 4.74, -43.6]]"
Durststein Speedrun,FrontFlyersLeft,ES Durststein/FrontFlyersLeft,2,44.131,8.41,12.475,-41.45,True,False,False,Normal,FrontFlyersRight;Front Road,,"[[-13.35, 11.75, -37.79], [30.17, 13.2, -45.11]]"
Durststein Speedrun,Left Back Road,ES Durststein/Left Back Road,2,51.969,-108.29,23.535,56.38,True,True,True,Normal,Left Front Road,High Back Road;Right Farm Road;Front Road,"[[-87.6, 24.37, 72.1], [-128.98, 22.7, 40.66]]"
Durststein Speedrun,Right Farm Road,ES Durststein/Right Farm Road,2,13.954,147.4,1.085,-12.6,True,True,True,Normal,,Left Front Road;Left Back Road,"[[141.2, 0.9, -9.4], [153.6, 1.27, -15.8]]"
Durststein Tower Defense,FarmFlyers,ES Durststein Tower Defense/FarmFlyers,2,16.018,142.41,32.39,69.475,True,False,False,Normal,,Left Front Road;Left Back Road,"[[137.25, 32.39, 75.6], [147.57, 32.39, 63.35]]"
Durststein Tower Defense,High Back Road,ES Durststein Tower Defense/High Back Road,2,34.912,-33.15,29.35,135.75,True,True,False,Normal,,Left Front Road;Left Back Road,"[[-16.6, 29.3, 130.2], [-49.7, 29.4, 141.3]]"
Durststein Tower Defense,FrontFlyersRight,ES Durststein Tower Defense/FrontFlyersRight,2,29.162,56.6,16.065,-45.115,True,False,False,Normal,FrontFlyersLeft,,"[[42.02, 14.97, -44.94], [71.18, 17.16, -45.29]]"
Durststein Tower Defense,Left Front Road,ES Durststein Tower Defense/Left Front Road,2,10.58,-138.05,1.485,17.75,True,True,True,EasierForPlayerToDealWith,Left Back Road,High Back Road;Right Farm Road;Front Road,"[[-134.9, 1.5, 22.0], [-141.2, 1.47, 13.5]]"
Durststein Tower Defense,Front Road,ES Durststein Tower Defense/Front Road,2,23.101,-36.06,4.37,-43.68,True,True,True,Normal,FrontFlyersLeft,Left Front Road;Left Back Road,"[[-47.61, 4.0, -43.76], [-24.51, 4.74, -43.6]]"
Durststein Tower Defense,FrontFlyersLeft,ES Durststein Tower Defense/FrontFlyersLeft,2,44.131,8.41,12.475,-41.45,True,False,False,Normal,FrontFlyersRight;Front Road,,"[[-13.35, 11.75, -37.79], [30.17, 13.2, -45.11]]"
Durststein Tower Defense,Left Back Road,ES Durststein Tower Defense/Left Back Road,2,51.969,-108.29,23.535,56.38,True,True,True,Normal,Left Front Road,High Back Road;Right Farm Road;Front Road,"[[-87.6, 24.37, 72.1], [-128.98, 22.7, 40.66]]"
Durststein Tower Defense,Right Farm Road,ES Durststein Tower Defense/Right Farm Road,2,13.954,147.4,1.085,-12.6,True,True,True,Normal,,Left Front Road;Left Back Road,"[[141.2, 0.9, -9.4], [153.6, 1.27, -15.8]]"
Frostsee Boss Rush,Right River AIR,ES Frostsee Boss Rush/Right River AIR,2,29.774,40.05,22.5,-77.45,True,False,False,Normal,Far Right;Close Right,,"[[51.3, 22.5, -67.7], [28.8, 22.5, -87.2]]"
Frostsee Boss Rush,Far Right,ES Frostsee Boss Rush/Far Right,2,22.244,-76.4,14.1,-112.9,True,True,True,Normal,Close Right;Right River AIR,Close Left,"[[-65.3, 14.1, -113.6], [-87.5, 14.1, -112.2]]"
Frostsee Boss Rush,Close Left,ES Frostsee Boss Rush/Close Left,2,9.353,-38.315,14.1,60.31,True,True,True,HarderForPlayerToDealWith,Far Left,Far Right,"[[-42.89, 14.1, 61.28], [-33.74, 14.1, 59.34]]"
Frostsee Boss Rush,Close Right,ES Frostsee Boss Rush/Close Right,2,7.577,-28.3,14.1,-75.55,True,True,True,Normal,Far Right;Right River AIR,Far Left,"[[-24.8, 14.1, -74.1], [-31.8, 14.1, -77.0]]"
Frostsee Boss Rush,Far Left,ES Frostsee Boss Rush/Far Left,2,16.09,-144.7,14.1,-14.5,True,True,True,EasierForPlayerToDealWith,Close Left,Close Right,"[[-140.1, 14.1, -7.9], [-149.3, 14.1, -21.1]]"
Frostsee Boss Rush,BOSS FIGHT,BOSS FIGHT,3,17.118,-52.777,9.367,-11.417,,,,n/a,,,"[[-49.1, 13.0, -13.2], [-50.21, 0.2, -7.21], [-59.02, 14.9, -13.84]]"
Frostsee Bowling Challenge,Right River AIR,ES Frostsee Bowling Challenge/Right River AIR,2,29.774,40.05,22.5,-77.45,True,False,False,Normal,Far Right;Close Right,,"[[51.3, 22.5, -67.7], [28.8, 22.5, -87.2]]"
Frostsee Bowling Challenge,Far Right,ES Frostsee Bowling Challenge/Far Right,2,22.244,-76.4,14.1,-112.9,True,True,True,Normal,Close Right;Right River AIR,Close Left,"[[-65.3, 14.1, -113.6], [-87.5, 14.1, -112.2]]"
Frostsee Bowling Challenge,Close Left,ES Frostsee Bowling Challenge/Close Left,2,9.353,-38.315,14.1,60.31,True,True,True,HarderForPlayerToDealWith,Far Left,Far Right,"[[-42.89, 14.1, 61.28], [-33.74, 14.1, 59.34]]"
Frostsee Bowling Challenge,Close Right,ES Frostsee Bowling Challenge/Close Right,2,7.577,-28.3,14.1,-75.55,True,True,True,Normal,Far Right;Right River AIR,Far Left,"[[-24.8, 14.1, -74.1], [-31.8, 14.1, -77.0]]"
Frostsee Bowling Challenge,Far Left,ES Frostsee Bowling Challenge/Far Left,2,16.09,-144.7,14.1,-14.5,True,True,True,EasierForPlayerToDealWith,Close Left,Close Right,"[[-140.1, 14.1, -7.9], [-149.3, 14.1, -21.1]]"
Frostsee The Great Wall,Right River AIR,ES Frostsee The Great Wall/Right River AIR,2,29.774,40.05,22.5,-77.45,True,False,False,Normal,Far Right;Close Right,,"[[51.3, 22.5, -67.7], [28.8, 22.5, -87.2]]"
Frostsee The Great Wall,Far Right,ES Frostsee The Great Wall/Far Right,2,22.244,-76.4,14.1,-112.9,True,True,True,Normal,Close Right;Right River AIR,Close Left,"[[-65.3, 14.1, -113.6], [-87.5, 14.1, -112.2]]"
Frostsee The Great Wall,Close Left,ES Frostsee The Great Wall/Close Left,2,9.353,-38.315,14.1,60.31,True,True,True,HarderForPlayerToDealWith,Far Left,Far Right,"[[-42.89, 14.1, 61.28], [-33.74, 14.1, 59.34]]"
Frostsee The Great Wall,Close Right,ES Frostsee The Great Wall/Close Right,2,7.577,-28.3,14.1,-75.55,True,True,True,Normal,Far Right;Right River AIR,Far Left,"[[-24.8, 14.1, -74.1], [-31.8, 14.1, -77.0]]"
Frostsee The Great Wall,Far Left,ES Frostsee The Great Wall/Far Left,2,16.09,-144.7,14.1,-14.5,True,True,True,EasierForPlayerToDealWith,Close Left,Close Right,"[[-140.1, 14.1, -7.9], [-149.3, 14.1, -21.1]]"
Uferwind Defense Puzzle,Spawn 3,ES Uferwind Defense Puzzle/Spawn 3,2,29.494,-65.485,14.15,24.455,True,True,True,Normal,Spawn 2;Spawn 4,Spawn 2 Air;Spawn 3 Air;Spawn 4 Air,"[[-79.02, 14.15, 18.6], [-51.95, 14.15, 30.31]]"
Uferwind Defense Puzzle,Spawn 6,ES Uferwind Defense Puzzle/Spawn 6,2,17.997,50.95,14.15,8.15,True,True,True,Normal,Spawn 5;Spawn 7,Spawn 2 Air;Spawn 1 Air;Spawn 1;Spawn 2,"[[46.48, 14.15, 15.96], [55.42, 14.15, 0.34]]"
Uferwind Defense Puzzle,Spawn 1 Air,ES Uferwind Defense Puzzle/Spawn 1 Air,2,47.73,-49.9,19.6,-182.25,True,False,False,Normal,Spawn 2 Air,Spawn 4;Spawn 5;Spawn 6;Spawn 7,"[[-33.1, 19.6, -199.2], [-66.7, 19.6, -165.3]]"
Uferwind Defense Puzzle,Spawn 4 Air,ES Uferwind Defense Puzzle/Spawn 4 Air,2,42.711,94.1,19.6,-63.95,True,False,False,Normal,Spawn 3 Air,Spawn 1;Spawn 2;Spawn 3,"[[90.5, 19.6, -42.9], [97.7, 19.6, -85.0]]"
Uferwind Defense Puzzle,Spawn 2 Air,ES Uferwind Defense Puzzle/Spawn 2 Air,2,41.643,28.2,19.6,-206.15,True,False,False,Normal,Spawn 1 Air;Spawn 3 Air,Spawn 2;Spawn 3;Spawn 4;Spawn 5;Spawn 6;Spawn 7,"[[47.0, 19.6, -197.2], [9.4, 19.6, -215.1]]"
Uferwind Defense Puzzle,Spawn 3 Air,ES Uferwind Defense Puzzle/Spawn 3 Air,2,51.919,80.0,19.6,-143.45,True,False,False,Normal,Spawn 2 Air;Spawn 4 Air,Spawn 1;Spawn 2;Spawn 3;Spawn 4;Spawn 5,"[[93.7, 19.6, -121.4], [66.3, 19.6, -165.5]]"
Uferwind Defense Puzzle,Spawn 7,ES Uferwind Defense Puzzle/Spawn 7,2,13.784,66.46,14.15,-16.15,True,True,True,Normal,Spawn 6;Spawn 4 Air;Spawn 5,Spawn 2 Air;Spawn 1 Air;Spawn 1;Spawn 2,"[[62.66, 14.15, -10.4], [70.26, 14.15, -21.9]]"
Uferwind Defense Puzzle,Spawn 2,ES Uferwind Defense Puzzle/Spawn 2,2,12.734,-93.83,14.15,0.045,True,True,True,Normal,Spawn 1;Spawn 3,Spawn 2 Air;Spawn 3 Air;Spawn 4 Air;Spawn 6;Spawn 7,"[[-96.26, 14.15, -5.84], [-91.4, 14.15, 5.93]]"
Uferwind Defense Puzzle,Spawn 1,ES Uferwind Defense Puzzle/Spawn 1,4,67.261,-98.705,14.15,-66.412,True,True,True,Normal,Spawn 2,Spawn 7;Spawn 3 Air;Spawn 4 Air;Spawn 6,"[[-82.97, 14.15, -92.87], [-97.42, 14.15, -80.51], [-109.2, 14.15, -56.87], [-105.23, 14.15, -35.4]]"
Uferwind Defense Puzzle,Spawn 4,ES Uferwind Defense Puzzle/Spawn 4,2,15.399,-33.52,14.15,35.705,True,True,True,Normal,Spawn 3;Spawn 5,Spawn 2 Air;Spawn 3 Air;Spawn 1 Air,"[[-41.09, 14.15, 34.3], [-25.95, 14.15, 37.11]]"
Uferwind Defense Puzzle,Spawn 5,ES Uferwind Defense Puzzle/Spawn 5,2,13.775,19.945,14.15,31.8,True,True,True,Normal,Spawn 4;Spawn 6;Spawn 7,Spawn 2 Air;Spawn 3 Air;Spawn 1 Air,"[[13.76, 14.15, 34.83], [26.13, 14.15, 28.77]]"
Uferwind Hero Commander,Spawn 3,ES Uferwind Hero Commander/Spawn 3,2,29.494,-65.485,14.15,24.455,True,True,True,Normal,Spawn 2;Spawn 4,Spawn 2 Air;Spawn 3 Air;Spawn 4 Air,"[[-79.02, 14.15, 18.6], [-51.95, 14.15, 30.31]]"
Uferwind Hero Commander,Spawn 6,ES Uferwind Hero Commander/Spawn 6,2,17.997,50.95,14.15,8.15,True,True,True,Normal,Spawn 5;Spawn 7,Spawn 2 Air;Spawn 1 Air;Spawn 1;Spawn 2,"[[46.48, 14.15, 15.96], [55.42, 14.15, 0.34]]"
Uferwind Hero Commander,Spawn 1 Air,ES Uferwind Hero Commander/Spawn 1 Air,2,47.73,-49.9,19.6,-182.25,True,False,False,Normal,Spawn 2 Air,Spawn 4;Spawn 5;Spawn 6;Spawn 7,"[[-33.1, 19.6, -199.2], [-66.7, 19.6, -165.3]]"
Uferwind Hero Commander,Spawn 4 Air,ES Uferwind Hero Commander/Spawn 4 Air,2,42.711,94.1,19.6,-63.95,True,False,False,Normal,Spawn 3 Air,Spawn 1;Spawn 2;Spawn 3,"[[90.5, 19.6, -42.9], [97.7, 19.6, -85.0]]"
Uferwind Hero Commander,Spawn 2 Air,ES Uferwind Hero Commander/Spawn 2 Air,2,41.643,28.2,19.6,-206.15,True,False,False,Normal,Spawn 1 Air;Spawn 3 Air,Spawn 2;Spawn 3;Spawn 4;Spawn 5;Spawn 6;Spawn 7,"[[47.0, 19.6, -197.2], [9.4, 19.6, -215.1]]"
Uferwind Hero Commander,Spawn 3 Air,ES Uferwind Hero Commander/Spawn 3 Air,2,51.919,80.0,19.6,-143.45,True,False,False,Normal,Spawn 2 Air;Spawn 4 Air,Spawn 1;Spawn 2;Spawn 3;Spawn 4;Spawn 5,"[[93.7, 19.6, -121.4], [66.3, 19.6, -165.5]]"
Uferwind Hero Commander,Spawn 7,ES Uferwind Hero Commander/Spawn 7,2,13.784,66.46,14.15,-16.15,True,True,True,Normal,Spawn 6;Spawn 4 Air;Spawn 5,Spawn 2 Air;Spawn 1 Air;Spawn 1;Spawn 2,"[[62.66, 14.15, -10.4], [70.26, 14.15, -21.9]]"
Uferwind Hero Commander,Spawn 2,ES Uferwind Hero Commander/Spawn 2,2,12.734,-93.83,14.15,0.045,True,True,True,Normal,Spawn 1;Spawn 3,Spawn 2 Air;Spawn 3 Air;Spawn 4 Air;Spawn 6;Spawn 7,"[[-96.26, 14.15, -5.84], [-91.4, 14.15, 5.93]]"
Uferwind Hero Commander,Spawn 1,ES Uferwind Hero Commander/Spawn 1,4,67.261,-98.705,14.15,-66.412,True,True,True,Normal,Spawn 2,Spawn 7;Spawn 3 Air;Spawn 4 Air;Spawn 6,"[[-82.97, 14.15, -92.87], [-97.42, 14.15, -80.51], [-109.2, 14.15, -56.87], [-105.23, 14.15, -35.4]]"
Uferwind Hero Commander,Spawn 4,ES Uferwind Hero Commander/Spawn 4,2,15.399,-33.52,14.15,35.705,True,True,True,Normal,Spawn 3;Spawn 5,Spawn 2 Air;Spawn 3 Air;Spawn 1 Air,"[[-41.09, 14.15, 34.3], [-25.95, 14.15, 37.11]]"
Uferwind Hero Commander,Spawn 5,ES Uferwind Hero Commander/Spawn 5,2,13.775,19.945,14.15,31.8,True,True,True,Normal,Spawn 4;Spawn 6;Spawn 7,Spawn 2 Air;Spawn 3 Air;Spawn 1 Air,"[[13.76, 14.15, 34.83], [26.13, 14.15, 28.77]]"
Uferwind Lightning Staff Challenge,Spawn 3,ES Uferwind Lightning Staff/Spawn 3,2,29.494,-65.485,14.15,24.455,True,True,True,Normal,Spawn 2;Spawn 4,Spawn 2 Air;Spawn 3 Air;Spawn 4 Air,"[[-79.02, 14.15, 18.6], [-51.95, 14.15, 30.31]]"
Uferwind Lightning Staff Challenge,Spawn 6,ES Uferwind Lightning Staff/Spawn 6,2,17.997,50.95,14.15,8.15,True,True,True,Normal,Spawn 5;Spawn 7,Spawn 2 Air;Spawn 1 Air;Spawn 1;Spawn 2,"[[46.48, 14.15, 15.96], [55.42, 14.15, 0.34]]"
Uferwind Lightning Staff Challenge,Spawn 1 Air,ES Uferwind Lightning Staff/Spawn 1 Air,2,47.73,-49.9,19.6,-182.25,True,False,False,Normal,Spawn 2 Air,Spawn 4;Spawn 5;Spawn 6;Spawn 7,"[[-33.1, 19.6, -199.2], [-66.7, 19.6, -165.3]]"
Uferwind Lightning Staff Challenge,Spawn 4 Air,ES Uferwind Lightning Staff/Spawn 4 Air,2,42.711,94.1,19.6,-63.95,True,False,False,Normal,Spawn 3 Air,Spawn 1;Spawn 2;Spawn 3,"[[90.5, 19.6, -42.9], [97.7, 19.6, -85.0]]"
Uferwind Lightning Staff Challenge,Spawn 2 Air,ES Uferwind Lightning Staff/Spawn 2 Air,2,41.643,28.2,19.6,-206.15,True,False,False,Normal,Spawn 1 Air;Spawn 3 Air,Spawn 2;Spawn 3;Spawn 4;Spawn 5;Spawn 6;Spawn 7,"[[47.0, 19.6, -197.2], [9.4, 19.6, -215.1]]"
Uferwind Lightning Staff Challenge,Spawn 3 Air,ES Uferwind Lightning Staff/Spawn 3 Air,2,51.919,80.0,19.6,-143.45,True,False,False,Normal,Spawn 2 Air;Spawn 4 Air,Spawn 1;Spawn 2;Spawn 3;Spawn 4;Spawn 5,"[[93.7, 19.6, -121.4], [66.3, 19.6, -165.5]]"
Uferwind Lightning Staff Challenge,Spawn 7,ES Uferwind Lightning Staff/Spawn 7,2,13.784,66.46,14.15,-16.15,True,True,True,Normal,Spawn 6;Spawn 4 Air;Spawn 5,Spawn 2 Air;Spawn 1 Air;Spawn 1;Spawn 2,"[[62.66, 14.15, -10.4], [70.26, 14.15, -21.9]]"
Uferwind Lightning Staff Challenge,Spawn 2,ES Uferwind Lightning Staff/Spawn 2,2,12.734,-93.83,14.15,0.045,True,True,True,Normal,Spawn 1;Spawn 3,Spawn 2 Air;Spawn 3 Air;Spawn 4 Air;Spawn 6;Spawn 7,"[[-96.26, 14.15, -5.84], [-91.4, 14.15, 5.93]]"
Uferwind Lightning Staff Challenge,Spawn 1,ES Uferwind Lightning Staff/Spawn 1,4,67.261,-98.705,14.15,-66.412,True,True,True,Normal,Spawn 2,Spawn 7;Spawn 3 Air;Spawn 4 Air;Spawn 6,"[[-82.97, 14.15, -92.87], [-97.42, 14.15, -80.51], [-109.2, 14.15, -56.87], [-105.23, 14.15, -35.4]]"
Uferwind Lightning Staff Challenge,Spawn 4,ES Uferwind Lightning Staff/Spawn 4,2,15.399,-33.52,14.15,35.705,True,True,True,Normal,Spawn 3;Spawn 5,Spawn 2 Air;Spawn 3 Air;Spawn 1 Air,"[[-41.09, 14.15, 34.3], [-25.95, 14.15, 37.11]]"
Uferwind Lightning Staff Challenge,Spawn 5,ES Uferwind Lightning Staff/Spawn 5,2,13.775,19.945,14.15,31.8,True,True,True,Normal,Spawn 4;Spawn 6;Spawn 7,Spawn 2 Air;Spawn 3 Air;Spawn 1 Air,"[[13.76, 14.15, 34.83], [26.13, 14.15, 28.77]]"
Sturmklamm Just The Way They Are,Bridge Broken,ES Sturmklamm Just The Way They Are/Bridge Broken,2,14.112,-139.695,18.61,78.126,True,False,False,Normal,,Base Left Air;Base Right Air,"[[-139.482, 18.61, 71.073], [-139.907, 18.61, 85.179]]"
Sturmklamm Just The Way They Are,Bridge 3,ES Sturmklamm Just The Way They Are/Bridge 3,2,14.113,-44.286,18.28,-78.74,True,True,True,Normal,Bridge 2,Base Left Air;Base Right Air,"[[-37.43, 18.28, -80.41], [-51.142, 18.28, -77.07]]"
Sturmklamm Just The Way They Are,Base Left Air,ES Sturmklamm Just The Way They Are/Base Left Air,2,40.88,-9.5,36.2,54.1,True,False,False,Normal,Base Right Air,Bridge 1;Bridge 2;Bridge 3;Bridge Broken;West Air,"[[-21.7, 36.2, 70.5], [2.7, 36.2, 37.7]]"
Sturmklamm Just The Way They Are,Base Right Air,ES Sturmklamm Just The Way They Are/Base Right Air,2,43.621,17.35,36.2,17.75,True,False,False,Normal,Base Left Air,Bridge 1;Bridge 2;Bridge 3;Bridge Broken;West Air,"[[4.4, 36.2, 35.3], [30.3, 36.2, 0.2]]"
Sturmklamm Just The Way They Are,Bridge 2,ES Sturmklamm Just The Way They Are/Bridge 2,2,14.113,-87.064,18.28,-59.06,True,True,True,Normal,Bridge 3,Base Left Air;Base Right Air,"[[-81.5, 18.28, -63.4], [-92.628, 18.28, -54.72]]"
Sturmklamm Just The Way They Are,Bridge 1,ES Sturmklamm Just The Way They Are/Bridge 1,2,14.113,-124.415,18.28,-7.575,True,True,True,Normal,,Base Left Air;Base Right Air,"[[-121.39, 18.28, -13.95], [-127.44, 18.28, -1.2]]"
Sturmklamm Just The Way They Are,West Air,ES Sturmklamm Just The Way They Are/West Air,2,14.112,-86.668,23.3,114.367,True,False,False,Normal,,Base Left Air;Base Right Air,"[[-93.436, 23.3, 112.37], [-79.901, 23.3, 116.364]]"
Sturmklamm One Man Army,Bridge Broken,ES Sturmklamm One Man Army/Bridge Broken,2,14.112,-139.695,18.61,78.126,True,False,False,Normal,,Base Left Air;Base Right Air,"[[-139.482, 18.61, 71.073], [-139.907, 18.61, 85.179]]"
Sturmklamm One Man Army,Bridge 3,ES Sturmklamm One Man Army/Bridge 3,2,14.113,-44.286,18.28,-78.74,True,True,True,Normal,Bridge 2,Base Left Air;Base Right Air,"[[-37.43, 18.28, -80.41], [-51.142, 18.28, -77.07]]"
Sturmklamm One Man Army,Base Left Air,ES Sturmklamm One Man Army/Base Left Air,2,40.88,-9.5,36.2,54.1,True,False,False,Normal,Base Right Air,Bridge 1;Bridge 2;Bridge 3;Bridge Broken;West Air,"[[-21.7, 36.2, 70.5], [2.7, 36.2, 37.7]]"
Sturmklamm One Man Army,Base Right Air,ES Sturmklamm One Man Army/Base Right Air,2,43.621,17.35,36.2,17.75,True,False,False,Normal,Base Left Air,Bridge 1;Bridge 2;Bridge 3;Bridge Broken;West Air,"[[4.4, 36.2, 35.3], [30.3, 36.2, 0.2]]"
Sturmklamm One Man Army,Bridge 2,ES Sturmklamm One Man Army/Bridge 2,2,14.113,-87.064,18.28,-59.06,True,True,True,Normal,Bridge 3,Base Left Air;Base Right Air,"[[-81.5, 18.28, -63.4], [-92.628, 18.28, -54.72]]"
Sturmklamm One Man Army,Bridge 1,ES Sturmklamm One Man Army/Bridge 1,2,14.113,-124.415,18.28,-7.575,True,True,True,Normal,,Base Left Air;Base Right Air,"[[-121.39, 18.28, -13.95], [-127.44, 18.28, -1.2]]"
Sturmklamm One Man Army,West Air,ES Sturmklamm One Man Army/West Air,2,14.112,-86.668,23.3,114.367,True,False,False,Normal,,Base Left Air;Base Right Air,"[[-93.436, 23.3, 112.37], [-79.901, 23.3, 116.364]]"
Sturmklamm One Man Army,E Eldermole,Bosses/Eldermolde Statue (3)/E Eldermole,7,0.0,-91.448,19.323,72.563,,,,n/a,,,"[[-91.448, 23.0, 72.563], [-91.448, 18.4, 72.563], [-91.448, 18.4, 72.563], [-91.448, 18.4, 72.563], [-91.448, 18.4, 72.563], [-91.448, 18.4, 72.563], [-91.448, 20.26, 72.563]]"
Sturmklamm One Man Army,E Eldermole,Bosses/Eldermolde Statue/E Eldermole,7,0.0,-84.278,19.323,-16.047,,,,n/a,,,"[[-84.278, 23.0, -16.047], [-84.278, 18.4, -16.047], [-84.278, 18.4, -16.047], [-84.278, 18.4, -16.047], [-84.278, 18.4, -16.047], [-84.278, 18.4, -16.047], [-84.278, 20.26, -16.047]]"
Sturmklamm One Man Army,E Eldermole,Bosses/Eldermolde Statue (1)/E Eldermole,7,0.0,-26.128,18.92,-60.947,,,,n/a,,,"[[-26.128, 22.597, -60.947], [-26.128, 17.997, -60.947], [-26.128, 17.997, -60.947], [-26.128, 17.997, -60.947], [-26.128, 17.997, -60.947], [-26.128, 17.997, -60.947], [-26.128, 19.857, -60.947]]"
Sturmklamm One Man Army,E Eldermole,Bosses/Eldermolde Statue (2)/E Eldermole,7,0.0,-113.2,19.323,42.4,,,,n/a,,,"[[-113.2, 23.0, 42.4], [-113.2, 18.4, 42.4], [-113.2, 18.4, 42.4], [-113.2, 18.4, 42.4], [-113.2, 18.4, 42.4], [-113.2, 18.4, 42.4], [-113.2, 20.26, 42.4]]"
Sturmklamm Shrine Challenge,Bridge Broken,ES Sturmklamm Shrine Challenge/Bridge Broken,2,14.112,-139.695,18.61,78.126,True,False,False,Normal,,Base Left Air;Base Right Air,"[[-139.482, 18.61, 71.073], [-139.907, 18.61, 85.179]]"
Sturmklamm Shrine Challenge,Bridge 3,ES Sturmklamm Shrine Challenge/Bridge 3,2,14.113,-44.286,18.28,-78.74,True,True,True,Normal,Bridge 2,Base Left Air;Base Right Air,"[[-37.43, 18.28, -80.41], [-51.142, 18.28, -77.07]]"
Sturmklamm Shrine Challenge,Base Left Air,ES Sturmklamm Shrine Challenge/Base Left Air,2,40.88,-9.5,36.2,54.1,True,False,False,Normal,Base Right Air,Bridge 1;Bridge 2;Bridge 3;Bridge Broken;West Air,"[[-21.7, 36.2, 70.5], [2.7, 36.2, 37.7]]"
Sturmklamm Shrine Challenge,Base Right Air,ES Sturmklamm Shrine Challenge/Base Right Air,2,43.621,17.35,36.2,17.75,True,False,False,Normal,Base Left Air,Bridge 1;Bridge 2;Bridge 3;Bridge Broken;West Air,"[[4.4, 36.2, 35.3], [30.3, 36.2, 0.2]]"
Sturmklamm Shrine Challenge,Bridge 2,ES Sturmklamm Shrine Challenge/Bridge 2,2,14.113,-87.064,18.28,-59.06,True,True,True,Normal,Bridge 3,Base Left Air;Base Right Air,"[[-81.5, 18.28, -63.4], [-92.628, 18.28, -54.72]]"
Sturmklamm Shrine Challenge,Bridge 1,ES Sturmklamm Shrine Challenge/Bridge 1,2,14.113,-124.415,18.28,-7.575,True,True,True,Normal,,Base Left Air;Base Right Air,"[[-121.39, 18.28, -13.95], [-127.44, 18.28, -1.2]]"
Sturmklamm Shrine Challenge,West Air,ES Sturmklamm Shrine Challenge/West Air,2,14.112,-86.668,23.3,114.367,True,False,False,Normal,,Base Left Air;Base Right Air,"[[-93.436, 23.3, 112.37], [-79.901, 23.3, 116.364]]"
Sturmklamm Shrine Challenge,E Eldermole,Bosses/Eldermolde Statue/E Eldermole,7,0.0,-84.278,19.323,-16.047,,,,n/a,,,"[[-84.278, 23.0, -16.047], [-84.278, 18.4, -16.047], [-84.278, 18.4, -16.047], [-84.278, 18.4, -16.047], [-84.278, 18.4, -16.047], [-84.278, 18.4, -16.047], [-84.278, 20.26, -16.047]]"
Sturmklamm Shrine Challenge,E Eldermole,Bosses/Eldermolde Statue (1)/E Eldermole,7,0.0,-26.128,18.92,-60.947,,,,n/a,,,"[[-26.128, 22.597, -60.947], [-26.128, 17.997, -60.947], [-26.128, 17.997, -60.947], [-26.128, 17.997, -60.947], [-26.128, 17.997, -60.947], [-26.128, 17.997, -60.947], [-26.128, 19.857, -60.947]]"
Sturmklamm Shrine Challenge,E Eldermole,Bosses/Eldermolde Statue (2)/E Eldermole,7,0.0,-113.2,19.323,42.4,,,,n/a,,,"[[-113.2, 23.0, 42.4], [-113.2, 18.4, 42.4], [-113.2, 18.4, 42.4], [-113.2, 18.4, 42.4], [-113.2, 18.4, 42.4], [-113.2, 18.4, 42.4], [-113.2, 20.26, 42.4]]"
Sturmklamm Shrine Challenge,E Eldermole,Bosses/Eldermolde Statue (3)/E Eldermole,7,0.0,-91.448,19.323,72.563,,,,n/a,,,"[[-91.448, 23.0, 72.563], [-91.448, 18.4, 72.563], [-91.448, 18.4, 72.563], [-91.448, 18.4, 72.563], [-91.448, 18.4, 72.563], [-91.448, 18.4, 72.563], [-91.448, 20.26, 72.563]]"
Wildbach,Expansion Side,ES Wildbach/Expansion Side,2,9.874,74.905,18.56,-161.7,True,True,True,Normal,Expansion Main,,"[[75.88, 18.93, -166.54], [73.93, 18.19, -156.86]]"
Wildbach,Expansion Main,ES Wildbach/Expansion Main,2,19.788,32.66,17.27,-201.87,True,True,True,Normal,Expansion Side,,"[[41.86, 17.7, -198.23], [23.46, 16.84, -205.51]]"
Wildbach,Upper Level Side,ES Wildbach/Upper Level Side,2,6.491,75.36,22.14,-80.745,True,True,True,Normal,,Main Bridge;Pond Air,"[[75.42, 22.14, -83.99], [75.3, 22.14, -77.5]]"
Wildbach,Spawn,BUILDINGS/Summoning Circle (2)/Spawn,4,1.588,-31.25,17.307,-128.236,True,True,True,Normal,,,"[[-31.25, 17.307, -128.009], [-31.516, 17.307, -128.464], [-30.983, 17.307, -128.464], [-31.25, 17.307, -128.009]]"
Wildbach,Spawn,BUILDINGS/Summoning Circle/Spawn,4,1.586,-66.627,9.707,-32.995,True,True,True,Normal,,,"[[-66.627, 9.707, -32.768], [-66.893, 9.707, -33.223], [-66.361, 9.707, -33.223], [-66.627, 9.707, -32.768]]"
Wildbach,Main Bridge,ES Wildbach/Main Bridge,2,18.759,-27.725,17.55,-188.31,True,True,True,Normal,,Upper Level Side,"[[-18.65, 17.55, -190.68], [-36.8, 17.55, -185.94]]"
Wildbach,Pond Air,ES Wildbach/Pond Air,2,21.369,-109.675,14.15,-73.205,True,False,False,Normal,,Upper Level Side,"[[-106.89, 14.15, -83.52], [-112.46, 14.15, -62.89]]"
Moorweg,SpawnLine,BOSS/E Ghostqueen/SpawnLine,2,0.0,-104.11,19.47,-60.87,True,True,True,Normal,,,"[[-104.11, 19.47, -60.87], [-104.11, 19.47, -60.87]]"
Moorweg,Farms,ES Moorweg/Farms,2,14.262,16.4,19.32,-55.7,True,True,True,Normal,,,"[[19.1, 19.32, -49.1], [13.7, 19.32, -62.3]]"
Moorweg,Mountains,ES Moorweg/Mountains,2,19.313,-21.7,19.32,97.0,True,True,True,Normal,,,"[[-31.0, 19.32, 99.6], [-12.4, 19.32, 94.4]]"
Moorweg,Center,ES Moorweg/Center,2,16.101,8.55,19.32,-0.5,True,True,True,Normal,,,"[[6.2, 19.32, 7.2], [10.9, 19.32, -8.2]]"
Moorweg,Spawn,BUILDINGS/Summoning Circle (4)/Spawn,4,1.586,-137.627,19.19,-57.075,True,True,True,Normal,,,"[[-137.627, 19.19, -56.848], [-137.893, 19.19, -57.303], [-137.361, 19.19, -57.303], [-137.627, 19.19, -56.848]]"
Moorweg,Spawn,BUILDINGS/Summoning Circle (1)/Spawn,4,1.586,-160.387,19.19,49.294,True,True,True,Normal,,,"[[-160.387, 19.19, 49.522], [-160.653, 19.19, 49.067], [-160.121, 19.19, 49.067], [-160.387, 19.19, 49.522]]"
Moorweg,Spawn,BUILDINGS/Summoning Circle (3)/Spawn,4,1.586,-107.327,19.19,-82.775,True,True,True,Normal,,,"[[-107.327, 19.19, -82.548], [-107.593, 19.19, -83.003], [-107.061, 19.19, -83.003], [-107.327, 19.19, -82.548]]"
Moorweg,Spawn,BUILDINGS/Summoning Circle (2)/Spawn,4,1.586,-114.827,19.19,81.424,True,True,True,Normal,,,"[[-114.827, 19.19, 81.652], [-115.093, 19.19, 81.197], [-114.561, 19.19, 81.197], [-114.827, 19.19, 81.652]]"
Moorweg,Graveyard,ES Moorweg/Graveyard,2,9.53,-50.065,19.32,-99.67,True,True,True,Normal,,,"[[-45.61, 19.32, -97.98], [-54.52, 19.32, -101.36]]"
Moorweg,Spawn Animation,BOSS/Spawn Animation,3,4.401,-104.277,20.629,-58.277,,,,n/a,,,"[[-104.11, 21.37, -56.48], [-104.52, 21.118, -57.56], [-104.2, 19.4, -60.79]]"
Moorweg,Empty Delay,BOSS/Empty Delay,0,0.0,0.0,0.0,0.0,,,,n/a,,,[]
Moorweg,Screen Shake,BOSS/Screen Shake,0,0.0,0.0,0.0,0.0,,,,n/a,,,[]
Moorweg,E Ghostqueen,BOSS/E Ghostqueen,8,0.0,-104.11,21.082,-60.87,,,,n/a,,,"[[-104.11, 19.47, -60.87], [-104.11, 32.37, -60.87], [-104.11, 19.47, -60.87], [-104.11, 19.47, -60.87], [-104.11, 19.47, -60.87], [-104.11, 19.47, -60.87], [-104.11, 19.47, -60.87], [-104.11, 19.47, -60.87]]"
Freifort,Bot Left,ES Freifort/Bot Left,2,16.688,-110.85,-15.8,-126.35,True,True,True,Normal,,,"[[-118.2, -15.8, -122.4], [-103.5, -15.8, -130.3]]"
Freifort,Cave,ES Freifort/Cave,2,6.203,-160.6,-15.8,-82.7,True,True,False,Normal,,,"[[-157.5, -15.8, -82.6], [-163.7, -15.8, -82.8]]"
Freifort,SpawnLine,BOSS/E Iron Castle/SpawnLine,2,17.71,-36.971,-9.82,-145.118,True,True,True,Normal,,,"[[-45.805, -9.82, -145.731], [-28.138, -9.82, -144.504]]"
Freifort,Top Right,ES Freifort/Top Right,2,17.03,33.46,-3.7,-36.715,True,True,True,Normal,,,"[[33.5, -3.7, -28.2], [33.42, -3.7, -45.23]]"
Freifort,Top Left,ES Freifort/Top Left,2,13.005,-167.665,6.82,26.71,True,True,True,Normal,,,"[[-167.84, 6.82, 33.21], [-167.49, 6.82, 20.21]]"
Freifort,Spawn,BUILDINGS/Summoning Circle (1)/Spawn,4,1.586,-138.927,9.1,81.024,True,True,True,Normal,,,"[[-138.927, 9.1, 81.252], [-139.193, 9.1, 80.797], [-138.661, 9.1, 80.797], [-138.927, 9.1, 81.252]]"
Freifort,Spawn,BUILDINGS/Summoning Circle/Spawn,4,1.558,-162.337,7.375,34.613,True,True,True,Normal,,,"[[-162.332, 7.436, 34.832], [-162.607, 7.32, 34.397], [-162.075, 7.306, 34.39], [-162.332, 7.436, 34.832]]"
Freifort,Spawn,BUILDINGS/Summoning Circle (2)/Spawn,4,1.586,24.753,-3.5,-20.886,True,True,True,Normal,,,"[[24.753, -3.5, -20.658], [24.487, -3.5, -21.113], [25.019, -3.5, -21.113], [24.753, -3.5, -20.658]]"
Freifort,Spawn,BUILDINGS/Summoning Circle/Spawn,4,1.588,-83.03,-16.2,-126.367,True,True,True,Normal,,,"[[-83.03, -16.2, -126.139], [-83.296, -16.2, -126.594], [-82.763, -16.2, -126.594], [-83.03, -16.2, -126.139]]"
Freifort,Middle,ES Freifort/Middle,2,35.835,-39.195,-15.8,-120.05,True,True,True,Normal,,,"[[-21.37, -15.8, -118.23], [-57.02, -15.8, -121.87]]"
Freifort,Bot Right,ES Freifort/Bot Right,2,13.463,24.25,-15.8,-104.7,True,True,True,Normal,,,"[[28.4, -15.8, -99.4], [20.1, -15.8, -110.0]]"
Totend,Right Air,ES Totend/Right Air,2,36.926,-115.72,34.12,-72.23,True,False,False,Normal,,,"[[-129.92, 34.12, -60.43], [-101.52, 34.12, -84.03]]"
Totend,Enemy Spawner,FINAL BOSS FIGHT/STAGE 2 SPAWNER (disable)/Stage 2 Spawn Line/E Corrupt King/Enemy Spawner,2,0.0,-174.9,18.91,14.68,True,True,True,Normal,,,"[[-174.9, 18.91, 14.68], [-174.9, 18.91, 14.68]]"
Totend,Left Air,ES Totend/Left Air,2,36.538,-110.05,34.12,93.1,True,False,False,Normal,,,"[[-95.1, 34.12, 103.6], [-125.0, 34.12, 82.6]]"
Totend,Spawn,BUILDINGS/Summoning Circle (2)/Spawn,4,1.586,-149.167,11.71,-17.226,True,True,True,Normal,,,"[[-149.167, 11.71, -16.998], [-149.433, 11.71, -17.453], [-148.901, 11.71, -17.453], [-149.167, 11.71, -16.998]]"
Totend,Spawn,BUILDINGS/Summoning Circle/Spawn,4,1.586,-135.187,11.71,-22.636,True,True,True,Normal,,,"[[-135.187, 11.71, -22.408], [-135.453, 11.71, -22.863], [-134.921, 11.71, -22.863], [-135.187, 11.71, -22.408]]"
Totend,Spawn,BUILDINGS/Summoning Circle (1)/Spawn,4,1.586,-146.607,11.71,51.934,True,True,True,Normal,,,"[[-146.607, 11.71, 52.162], [-146.873, 11.71, 51.707], [-146.341, 11.71, 51.707], [-146.607, 11.71, 52.162]]"
Totend,Right Bridge,ES Totend/Right Bridge,2,31.981,-41.79,14.54,-134.9,True,True,True,Normal,,,"[[-25.8, 14.54, -134.8], [-57.78, 14.54, -135.0]]"
Totend,Stage 2 Spawn Line,FINAL BOSS FIGHT/STAGE 2 SPAWNER (disable)/Stage 2 Spawn Line,3,0.0,-174.9,18.91,14.68,True,True,True,Normal,,,"[[-174.9, 18.91, 14.68], [-174.9, 18.91, 14.68], [-174.9, 18.91, 14.68]]"
Totend,Middle Bridge,ES Totend/Middle Bridge,2,31.945,-168.224,9.3,10.705,True,True,True,Normal,,,"[[-167.75, 9.3, 26.67], [-168.697, 9.3, -5.261]]"
Totend,Left Bridge,ES Totend/Left Bridge,2,29.9,-42.75,9.55,160.065,True,True,True,Normal,,,"[[-27.8, 9.55, 160.1], [-57.7, 9.55, 160.03]]"
Totend,FINAL BOSS FIGHT,FINAL BOSS FIGHT,2,26.422,-187.8,20.01,17.53,,,,n/a,,,"[[-200.7, 21.11, 20.38], [-174.9, 18.91, 14.68]]"
Freifort MM1,Top Right,ES Freifort MM1/Top Right,2,17.03,33.46,-3.7,-36.715,True,True,True,Normal,,,"[[33.5, -3.7, -28.2], [33.42, -3.7, -45.23]]"
Freifort MM1,Bot Left,ES Freifort MM1/Bot Left,2,16.688,-110.85,-15.8,-126.35,True,True,True,Normal,,,"[[-118.2, -15.8, -122.4], [-103.5, -15.8, -130.3]]"
Freifort MM1,Bot Right,ES Freifort MM1/Bot Right,2,13.463,24.25,-15.8,-104.7,True,True,True,Normal,,,"[[28.4, -15.8, -99.4], [20.1, -15.8, -110.0]]"
Freifort MM1,Top Left,ES Freifort MM1/Top Left,2,13.005,-167.665,6.82,26.71,True,True,True,Normal,,,"[[-167.84, 6.82, 33.21], [-167.49, 6.82, 20.21]]"
Freifort MM1,Cave,ES Freifort MM1/Cave,2,6.203,-160.6,-15.8,-82.7,True,True,False,Normal,,,"[[-157.5, -15.8, -82.6], [-163.7, -15.8, -82.8]]"
Freifort MM1,Middle,ES Freifort MM1/Middle,2,35.835,-39.195,-15.8,-120.05,True,True,True,Normal,,,"[[-21.37, -15.8, -118.23], [-57.02, -15.8, -121.87]]"
Freifort MM1,Enemy Base 1,Reverse Siege Manager/Enemy Base 1,50,2322.584,-72.896,4.831,32.243,,,,n/a,,,"[[-32.268, -3.6, -35.027], [-45.66, -3.64, -36.21], [-60.595, -3.64, -38.635], [-136.098, -3.64, -36.045], [-2.5, -3.64, -14.2], [-50.8, 9.103, 93.1], [-41.762, 8.699, 103.541], [-31.6, 9.103, 94.4], [-48.8, 8.699, 100.3], [-35.1, 8.699, 101.3], [-145.117, 9.103, 72.529], [-139.842, 9.103, 85.01], [-113.587, 9.103, 89.605], [-92.952, 9.103, 84.201], [-59.41, 8.56, 24.73], [-54.854, -3.6, -30.035], [-12.649, -3.6, -11.28], [-114.22, -3.6, -6.998], [-148.155, -3.6, -30.644], [-114.242, 14.038, 57.646], [-100.121, 14.1, 64.688], [-143.65, -3.6, -10.448], [-81.866, -3.6, -16.154], [-45.35, 13.5, 62.698], [-108.505, 5.4, 21.054], [-68.943, 8.697, 35.71], [-50.138, 8.697, 36.868], [-82.03, 9.1, 61.311], [-60.67, 8.699, 38.923], [-65.587, 9.346, 57.891], [-57.744, 9.346, 53.265], [-65.711, 9.346, 50.629], [-43.221, 8.942, 115.934], [-40.386, 8.942, 116.634], [-138.367, 9.346, 94.413], [-89.519, 9.346, 78.378], [-130.104, 2.228, 16.456], [-72.6, 8.699, 24.1], [-19.827, -3.6, -24.021], [-19.651, -3.6, -29.176], [-12.722, -3.6, -22.396], [-99.3, -3.6, -27.0], [-104.631, -3.6, -27.859], [-103.1, -3.6, -20.5], [-46.124, 8.699, 24.944], [-59.81, 8.699, 10.776], [-96.073, 11.604, 36.782], [-49.904, 8.807, 16.561], [-68.419, 8.851, 15.09], [-40.521, 9.221, 89.336]]"
Freifort MM1,Enemy Base 2,Reverse Siege Manager/Enemy Base 2,118,6017.395,-77.491,3.524,23.986,,,,n/a,,,"[[-32.268, -3.6, -35.027], [-45.66, -3.64, -36.21], [-43.982, -3.6, -23.763], [-60.595, -3.64, -38.635], [-93.005, -3.6, -42.055], [-1.096, -3.64, -27.334], [-10.8, -3.64, 3.7], [-111.2, -3.6, -23.9], [-136.2, -3.6, -20.2], [-2.5, -3.64, -14.2], [-37.39, 8.77, 25.53], [-79.71, 8.71, 24.37], [-61.601, 8.71, 50.205], [-40.99, 8.71, 90.37], [-50.8, 9.103, 93.1], [-41.762, 8.699, 103.541], [-31.6, 9.103, 94.4], [-41.299, 9.1, 80.788], [-48.8, 8.699, 100.3], [-35.1, 8.699, 101.3], [-145.117, 9.103, 72.529], [-139.842, 9.103, 85.01], [-132.907, 9.103, 89.616], [-113.587, 9.103, 89.605], [-92.952, 9.103, 84.201], [-59.41, 8.56, 24.73], [-54.854, -3.6, -30.035], [-12.649, -3.6, -11.28], [-114.22, -3.6, -6.998], [-148.155, -3.6, -30.644], [-57.138, 8.863, 99.753], [-27.358, 8.697, 105.328], [-143.65, -3.6, -10.448], [-81.866, -3.6, -16.154], [-59.811, 8.697, 12.446], [-45.35, 13.5, 62.698], [-68.943, 8.697, 35.71], [-50.138, 8.697, 36.868], [-82.03, 9.1, 61.311], [-101.537, 14.221, 63.727], [-142.047, 9.1, 63.718], [-133.462, 9.1, 80.994], [-107.342, 9.1, 86.229], [-109.022, 5.521, 22.048], [-44.549, 8.697, 116.489], [-21.603, 9.1, 86.873], [-150.332, -3.597, -46.669], [-68.335, -3.597, -16.276], [-23.3, -3.479, -13.5], [-91.094, -3.479, -21.876], [-109.84, -3.6, -30.88], [-154.4, -3.597, -12.6], [-49.04, 8.699, 17.98], [-69.51, 8.699, 18.6], [-59.381, 8.699, 38.151], [-69.119, -3.354, -43.589], [-55.857, -3.363, -45.324], [-33.367, -3.354, -18.687], [-20.735, -2.899, 3.527], [-97.465, -3.354, -28.181], [-125.034, -3.354, -40.538], [-152.301, -3.354, -21.612], [-158.054, -3.354, -42.135], [-64.454, 8.942, 13.81], [-50.839, 8.942, 22.953], [-53.17, 8.942, 111.56], [-33.19, 8.942, 110.928], [-143.257, 9.346, 77.514], [-99.539, 9.346, 86.625], [-122.901, 6.7, 30.929], [-32.795, 9.346, 47.566], [-144.851, -3.354, -12.995], [-142.135, -3.354, -12.103], [-143.511, -3.354, -14.503], [-23.802, -2.957, 3.195], [-18.049, -3.349, 2.114], [-16.617, -3.354, -0.435], [-64.327, -3.354, -21.477], [-66.786, -3.354, -23.017], [-69.484, -3.354, -22.021], [-72.138, -3.354, -22.606], [-159.904, -3.354, -20.679], [-148.241, -3.354, -15.874], [-100.051, -3.354, -28.459], [-162.455, -3.354, -22.882], [-140.595, 9.346, 78.344], [-103.772, 9.346, 85.422], [-55.419, 8.942, 106.817], [-93.412, 9.346, 71.234], [-66.644, 9.346, 59.878], [-63.938, 9.346, 59.436], [-65.55, 9.346, 56.741], [-67.738, 8.942, 24.235], [-55.859, 8.942, 14.594], [-49.638, 8.942, 27.193], [-63.286, 8.942, 10.375], [-52.661, 8.942, 12.821], [-47.524, 8.942, 22.394], [-58.243, 8.866, 8.39], [-60.354, 8.731, 16.184], [-74.979, 8.95, 16.769], [-43.232, 8.458, 19.578], [-143.259, 9.346, 67.427], [-123.092, 9.1, 82.109], [-64.239, 9.1, 93.343], [-21.855, 9.346, 97.993], [-162.07, -3.354, -31.309], [4.598, -3.354, -18.272], [-138.528, 9.346, 90.445], [-40.478, 8.942, 114.787], [-60.423, 9.267, 43.467], [-59.844, 8.651, 33.0], [-18.885, -3.94, -28.518], [-136.747, -3.9, -35.228], [-13.318, -3.6, -27.931], [-18.738, -3.6, -33.294], [-131.372, -3.6, -35.114], [-137.301, -3.6, -40.157]]"
Freifort MM1,Enemy Base 3,Reverse Siege Manager/Enemy Base 3,172,7907.998,-76.419,2.885,14.716,,,,n/a,,,"[[-32.268, -3.6, -35.027], [-43.982, -3.6, -23.763], [-93.005, -3.6, -42.055], [-10.8, -3.64, 3.7], [-136.098, -3.64, -36.045], [-136.2, -3.6, -20.2], [-2.5, -3.64, -14.2], [-37.39, 8.77, 25.53], [-79.71, 8.71, 24.37], [-61.601, 8.71, 50.205], [-40.99, 8.71, 90.37], [-50.8, 9.103, 93.1], [-41.762, 8.699, 103.541], [-31.6, 9.103, 94.4], [-41.299, 9.1, 80.788], [-48.8, 8.699, 100.3], [-35.1, 8.699, 101.3], [-113.587, 9.103, 89.605], [-92.952, 9.103, 84.201], [-59.41, 8.56, 24.73], [-54.854, -3.6, -30.035], [-12.649, -3.6, -11.28], [-114.22, -3.6, -6.998], [-148.155, -3.6, -30.644], [-57.138, 8.863, 99.753], [-27.358, 8.697, 105.328], [-143.65, -3.6, -10.448], [-81.866, -3.6, -16.154], [-59.811, 8.697, 12.446], [-68.943, 8.697, 35.71], [-50.138, 8.697, 36.868], [-82.03, 9.1, 61.311], [-101.537, 14.221, 63.727], [-142.047, 9.1, 63.718], [-133.462, 9.1, 80.994], [-107.342, 9.1, 86.229], [-109.022, 5.521, 22.048], [-44.549, 8.697, 116.489], [-21.603, 9.1, 86.873], [-150.332, -3.597, -46.669], [-68.335, -3.597, -16.276], [-23.3, -3.479, -13.5], [-154.4, -3.597, -12.6], [-49.04, 8.699, 17.98], [-69.51, 8.699, 18.6], [-59.381, 8.699, 38.151], [-69.119, -3.354, -43.589], [-55.857, -3.363, -45.324], [-33.367, -3.354, -18.687], [-20.735, -2.899, 3.527], [-125.034, -3.354, -40.538], [-152.301, -3.354, -21.612], [-158.054, -3.354, -42.135], [-64.454, 8.942, 13.81], [-50.839, 8.942, 22.953], [-53.17, 8.942, 111.56], [-33.19, 8.942, 110.928], [-119.0, 9.346, 83.1], [-99.539, 9.346, 86.625], [-122.901, 6.7, 30.929], [-32.795, 9.346, 47.566], [-144.851, -3.354, -12.995], [-142.135, -3.354, -12.103], [-143.511, -3.354, -14.503], [-23.802, -2.957, 3.195], [-18.049, -3.349, 2.114], [-16.617, -3.354, -0.435], [-64.327, -3.354, -21.477], [-66.786, -3.354, -23.017], [-69.484, -3.354, -22.021], [-72.138, -3.354, -22.606], [-159.904, -3.354, -20.679], [-148.241, -3.354, -15.874], [-162.455, -3.354, -22.882], [-146.3, 9.346, 70.4], [-103.772, 9.346, 85.422], [-55.419, 8.942, 106.817], [-93.412, 9.346, 71.234], [-66.644, 9.346, 59.878], [-63.938, 9.346, 59.436], [-65.55, 9.346, 56.741], [-67.738, 8.942, 24.235], [-55.859, 8.942, 14.594], [-49.638, 8.942, 27.193], [-63.286, 8.942, 10.375], [-52.661, 8.942, 12.821], [-47.524, 8.942, 22.394], [-11.136, -3.6, -33.414], [-11.235, -3.6, -28.111], [-22.79, -3.6, -31.72], [-102.784, -3.6, -23.154], [-97.413, -3.6, -22.664], [-102.209, -3.6, -28.331], [-107.897, -3.6, -23.484], [-96.758, -3.6, -28.42], [-141.811, 9.1, 83.748], [-136.574, 9.1, 85.72], [-145.81, 9.1, 78.272], [-140.352, 9.1, 78.076], [-134.2, 9.1, 79.5], [-147.2, 9.1, 72.3], [-16.78, -3.6, -28.49], [-16.86, -3.597, -33.36], [-61.1, -3.6, -37.7], [-145.0, -3.6, -28.6], [-146.069, -3.6, -23.405], [-151.45, -3.6, -24.793], [-150.637, -3.597, -29.596], [-60.312, -3.6, -32.455], [-65.843, -3.6, -31.903], [-66.734, -3.597, -36.691], [-33.808, -1.67, 9.136], [-23.26, -1.77, 10.76], [-96.957, 11.78, 35.908], [-112.81, 14.341, 60.28], [-68.183, 8.817, 1.679], [-51.804, 8.817, 1.047], [-46.959, 8.699, 32.394], [-72.383, 8.699, 31.797], [-44.646, 13.621, 62.294], [-103.08, -3.708, -52.782], [-14.9, -5.0, -68.2], [-51.2, -3.606, -45.5], [-28.2, -3.6, 3.0], [4.7, -3.6, -14.2], [-137.586, -3.6, -10.732], [-140.506, -4.536, -58.874], [-161.34, -3.6, -32.55], [-144.032, -5.093, -62.743], [-60.898, 8.697, 15.718], [-56.54, 8.697, 9.877], [-30.906, 9.1, 70.689], [-137.566, 9.1, 90.139], [-104.7, -1.3, 6.1], [-101.367, -1.3, 9.747], [-106.581, -1.138, 11.17], [-129.257, 7.606, 34.018], [-125.88, 8.513, 37.82], [-130.792, 8.737, 39.563], [-33.056, 9.432, 65.892], [-55.093, 9.432, 72.738], [-49.01, 9.432, 80.885], [-29.129, 9.432, 81.5], [-56.676, 9.432, 83.246], [-58.678, 9.432, 77.312], [-2.706, -3.406, -44.437], [0.641, -3.573, -48.051], [5.816, -3.407, -44.059], [-86.042, -3.638, -53.463], [-82.213, -3.519, -50.608], [-85.476, -3.316, -47.641], [-93.095, 9.1, 50.487], [-40.148, 9.1, 53.34], [-75.694, 9.1, 58.523], [-72.635, 9.325, 25.319], [-57.239, 9.555, 65.069], [-65.589, 9.168, 6.711], [-61.269, 9.098, 8.015], [-56.902, 9.037, 6.743], [-60.324, 9.097, 4.622], [-76.897, 8.973, 18.077], [-42.984, 8.427, 26.636], [-16.293, -3.145, -16.745], [-59.781, -3.597, -25.086], [-21.7, -5.091, -58.7], [-15.225, -3.763, -47.37], [-86.719, -5.091, -78.048], [-78.899, -5.091, -84.129], [-138.461, -5.091, -71.332], [23.7, -3.441, -27.7], [-79.936, -3.597, -3.687], [-167.0, -3.597, -15.7]]"
Freifort MM1,Enemy Base 4,Reverse Siege Manager/Enemy Base 4,215,10718.085,-77.774,3.365,16.774,,,,n/a,,,"[[-59.41, 8.56, 24.73], [-32.268, -3.6, -35.027], [-93.005, -3.6, -42.055], [-10.8, -3.64, 3.7], [-136.098, -3.64, -36.045], [-136.2, -3.6, -20.2], [-2.5, -3.64, -14.2], [-37.39, 8.77, 25.53], [-79.71, 8.71, 24.37], [-61.601, 8.71, 50.205], [-50.8, 9.103, 93.1], [-41.762, 8.699, 103.541], [-31.6, 9.103, 94.4], [-41.299, 9.1, 80.788], [-48.8, 8.699, 100.3], [-35.1, 8.699, 101.3], [-113.587, 9.103, 89.605], [-103.8, 9.103, 87.5], [-92.952, 9.103, 84.201], [-90.276, 9.103, 79.719], [-12.649, -3.6, -11.28], [-114.22, -3.6, -6.998], [-148.155, -3.6, -30.644], [-57.138, 8.863, 99.753], [-27.358, 8.697, 105.328], [-143.65, -3.6, -10.448], [-81.866, -3.6, -16.154], [-59.811, 8.697, 12.446], [-68.943, 8.697, 35.71], [-50.138, 8.697, 36.868], [-82.03, 9.1, 61.311], [-142.047, 9.1, 63.718], [-133.462, 9.1, 80.994], [-107.342, 9.1, 86.229], [-109.022, 5.521, 22.048], [-44.549, 8.697, 116.489], [-21.603, 9.1, 86.873], [-150.332, -3.597, -46.669], [-68.335, -3.597, -16.276], [-23.3, -3.479, -13.5], [-154.4, -3.597, -12.6], [-49.04, 8.699, 17.98], [-69.51, 8.699, 18.6], [-59.381, 8.699, 38.151], [-69.119, -3.354, -43.589], [-33.367, -3.354, -18.687], [-20.735, -2.899, 3.527], [-125.034, -3.354, -40.538], [-152.301, -3.354, -21.612], [-158.054, -3.354, -42.135], [-64.454, 8.942, 13.81], [-50.839, 8.942, 22.953], [-53.17, 8.942, 111.56], [-33.19, 8.942, 110.928], [-119.0, 9.346, 83.1], [-99.539, 9.346, 86.625], [-122.901, 6.7, 30.929], [-32.795, 9.346, 47.566], [-144.851, -3.354, -12.995], [-142.135, -3.354, -12.103], [-143.511, -3.354, -14.503], [-23.802, -2.957, 3.195], [-18.049, -3.349, 2.114], [-16.617, -3.354, -0.435], [-64.327, -3.354, -21.477], [-66.786, -3.354, -23.017], [-69.484, -3.354, -22.021], [-72.138, -3.354, -22.606], [-159.904, -3.354, -20.679], [-148.241, -3.354, -15.874], [-162.455, -3.354, -22.882], [-146.3, 9.346, 70.4], [-113.0, 9.346, 82.5], [-55.419, 8.942, 106.817], [-93.412, 9.346, 71.234], [-66.644, 9.346, 59.878], [-63.938, 9.346, 59.436], [-65.55, 9.346, 56.741], [-67.738, 8.942, 24.235], [-55.859, 8.942, 14.594], [-49.638, 8.942, 27.193], [-63.286, 8.942, 10.375], [-52.661, 8.942, 12.821], [-47.524, 8.942, 22.394], [-11.136, -3.6, -33.414], [-11.235, -3.6, -28.111], [-22.79, -3.6, -31.72], [-102.784, -3.6, -23.154], [-97.413, -3.6, -22.664], [-102.209, -3.6, -28.331], [-107.897, -3.6, -23.484], [-96.758, -3.6, -28.42], [-141.811, 9.1, 83.748], [-136.574, 9.1, 85.72], [-145.81, 9.1, 78.272], [-140.352, 9.1, 78.076], [-141.4, 9.1, 72.7], [-134.2, 9.1, 79.5], [-147.2, 9.1, 72.3], [-16.78, -3.6, -28.49], [-16.86, -3.597, -33.36], [-96.957, 11.78, 35.908], [-112.81, 14.341, 60.28], [-68.183, 8.817, 1.679], [-46.959, 8.699, 32.394], [-72.383, 8.699, 31.797], [-44.646, 13.621, 62.294], [-103.08, -3.708, -52.782], [-14.9, -5.0, -68.2], [-28.2, -3.6, 3.0], [4.7, -3.6, -14.2], [-137.586, -3.6, -10.732], [-140.506, -4.536, -58.874], [-161.34, -3.6, -32.55], [-145.598, -3.597, -25.54], [-144.032, -5.093, -62.743], [-60.898, 8.697, 15.718], [-56.54, 8.697, 9.877], [-30.906, 9.1, 70.689], [-137.566, 9.1, 90.139], [-31.8, 10.8, 35.9], [-28.467, 10.8, 39.547], [-33.681, 10.962, 40.97], [-129.257, 7.606, 34.018], [-125.88, 8.513, 37.82], [-130.792, 8.737, 39.563], [-33.056, 9.432, 65.892], [-55.093, 9.432, 72.738], [-49.01, 9.432, 80.885], [-29.129, 9.432, 81.5], [-56.676, 9.432, 83.246], [-58.678, 9.432, 77.312], [-63.4, -3.406, -48.3], [-52.8, -3.573, -46.3], [-43.5, -3.407, -47.0], [-141.2, -3.638, -48.4], [-137.371, -3.519, -45.545], [-140.634, -3.316, -42.577], [-93.095, 9.1, 50.487], [-40.148, 9.1, 53.34], [-75.694, 9.1, 58.523], [-72.635, 9.325, 25.319], [-65.589, 9.168, 6.711], [-61.269, 9.098, 8.015], [-56.902, 9.037, 6.743], [-60.324, 9.097, 4.622], [-76.897, 8.973, 18.077], [-42.984, 8.427, 26.636], [-16.293, -3.145, -16.745], [-21.7, -5.091, -58.7], [-15.225, -3.763, -47.37], [-86.719, -5.091, -78.048], [-78.7, -5.091, -74.8], [-138.461, -5.091, -71.332], [23.7, -3.441, -27.7], [-79.936, -3.597, -3.687], [-167.0, -3.597, -15.7], [-55.48, -3.6, -35.6], [-55.397, -3.6, -40.53], [-49.394, -3.6, -34.941], [-49.774, -3.6, -40.377], [-61.2, -3.6, -35.2], [-61.128, -3.6, -40.686], [-43.805, -3.597, -23.094], [-40.0, -3.597, -9.307], [-146.315, -5.091, -69.637], [30.689, -3.41, -28.772], [-160.793, 7.819, 35.382], [-141.051, 7.289, 32.872], [-43.89, 9.1, 52.77], [-55.0, 9.1, 63.3], [30.426, -3.424, -34.371], [-52.161, 8.922, 1.487], [-101.636, 14.343, 63.789], [-41.005, 9.343, 91.637], [-146.444, -3.357, -36.983], [-55.274, -3.357, -25.977], [-119.178, -3.357, -7.713], [7.564, -3.357, -21.58], [-70.226, 9.343, 58.918], [-63.887, 9.72, 33.484], [-53.45, 9.628, 16.765], [-68.859, 9.871, 14.277], [-42.906, 9.451, 21.325], [-99.357, -0.997, 6.555], [-94.977, -1.377, 4.298], [-99.446, -1.661, 2.54], [-32.105, -2.6, -24.055], [0.097, -2.6, -22.261], [-28.425, -2.6, -3.749], [-126.955, -0.029, 9.616], [-123.565, 0.345, 11.441], [-126.22, 0.831, 13.793], [-131.525, 10.1, 87.083], [-129.148, 10.1, 83.216], [-149.377, 10.1, 77.531], [-52.415, 9.698, 41.419], [-67.637, 9.722, 41.672], [-62.829, 9.826, 2.372], [-23.64, 10.1, 95.335], [-62.718, 10.1, 94.114], [0.339, -3.6, -40.553], [2.279, -2.6, -37.419], [7.295, -3.6, -36.918], [-31.145, -3.6, -11.8], [-95.595, -3.6, -15.622], [-148.761, 6.412, 30.53], [-146.441, 4.743, 25.937], [-153.129, 6.064, 29.318], [-151.617, 4.451, 25.316], [-157.303, 5.981, 29.193], [-157.739, 4.312, 25.092], [-57.103, 9.555, 46.172], [-63.311, 8.818, 5.448], [-126.389, -3.6, -16.646]]"
Freifort MM1,Enemy Base 5,Reverse Siege Manager/Enemy Base 5,243,11578.331,-78.568,3.838,20.928,,,,n/a,,,"[[-59.41, 8.56, 24.73], [-32.268, -3.6, -35.027], [-93.005, -3.6, -42.055], [-10.8, -3.64, 3.7], [-136.098, -3.64, -36.045], [-136.2, -3.6, -20.2], [-2.5, -3.64, -14.2], [-37.39, 8.77, 25.53], [-50.8, 9.103, 93.1], [-41.762, 8.699, 103.541], [-31.6, 9.103, 94.4], [-41.299, 9.1, 80.788], [-48.8, 8.699, 100.3], [-35.1, 8.699, 101.3], [-113.587, 9.103, 89.605], [-103.8, 9.103, 87.5], [-92.952, 9.103, 84.201], [-90.276, 9.103, 79.719], [-12.649, -3.6, -11.28], [-114.22, -3.6, -6.998], [-148.155, -3.6, -30.644], [-57.138, 8.863, 99.753], [-27.358, 8.697, 105.328], [-143.65, -3.6, -10.448], [-81.866, -3.6, -16.154], [-59.811, 8.697, 12.446], [-68.943, 8.697, 35.71], [-50.138, 8.697, 36.868], [-82.03, 9.1, 61.311], [-142.047, 9.1, 63.718], [-133.462, 9.1, 80.994], [-107.342, 9.1, 86.229], [-44.549, 8.697, 116.489], [-21.603, 9.1, 86.873], [-150.332, -3.597, -46.669], [-68.335, -3.597, -16.276], [-23.3, -3.479, -13.5], [-154.4, -3.597, -12.6], [-49.04, 8.699, 17.98], [-69.51, 8.699, 18.6], [-59.381, 8.699, 38.151], [-69.119, -3.354, -43.589], [-33.367, -3.354, -18.687], [-20.735, -2.899, 3.527], [-125.034, -3.354, -40.538], [-152.301, -3.354, -21.612], [-158.054, -3.354, -42.135], [-64.454, 8.942, 13.81], [-50.839, 8.942, 22.953], [-53.17, 8.942, 111.56], [-33.19, 8.942, 110.928], [-119.0, 9.346, 83.1], [-99.539, 9.346, 86.625], [-122.901, 6.7, 30.929], [-32.795, 9.346, 47.566], [-144.851, -3.354, -12.995], [-142.135, -3.354, -12.103], [-143.511, -3.354, -14.503], [-23.802, -2.957, 3.195], [-18.049, -3.349, 2.114], [-16.617, -3.354, -0.435], [-64.327, -3.354, -21.477], [-66.786, -3.354, -23.017], [-69.484, -3.354, -22.021], [-72.138, -3.354, -22.606], [-159.904, -3.354, -20.679], [-148.241, -3.354, -15.874], [-162.455, -3.354, -22.882], [-146.3, 9.346, 70.4], [-113.0, 9.346, 82.5], [-55.419, 8.942, 106.817], [-93.412, 9.346, 71.234], [-66.644, 9.346, 59.878], [-63.938, 9.346, 59.436], [-65.55, 9.346, 56.741], [-67.738, 8.942, 24.235], [-55.859, 8.942, 14.594], [-49.638, 8.942, 27.193], [-63.286, 8.942, 10.375], [-52.661, 8.942, 12.821], [-47.524, 8.942, 22.394], [-11.136, -3.6, -33.414], [-11.235, -3.6, -28.111], [-22.79, -3.6, -31.72], [-102.784, -3.6, -23.154], [-97.413, -3.6, -22.664], [-102.209, -3.6, -28.331], [-107.897, -3.6, -23.484], [-96.758, -3.6, -28.42], [-141.811, 9.1, 83.748], [-136.574, 9.1, 85.72], [-145.81, 9.1, 78.272], [-140.352, 9.1, 78.076], [-141.4, 9.1, 72.7], [-134.2, 9.1, 79.5], [-147.2, 9.1, 72.3], [-16.78, -3.6, -28.49], [-16.86, -3.597, -33.36], [-112.81, 14.341, 60.28], [-68.183, 8.817, 1.679], [-46.959, 8.699, 32.394], [-72.383, 8.699, 31.797], [-44.646, 13.621, 62.294], [-28.2, -3.6, 3.0], [4.7, -3.6, -14.2], [-137.586, -3.6, -10.732], [-140.506, -4.536, -58.874], [-161.34, -3.6, -32.55], [-145.598, -3.597, -25.54], [-144.032, -5.093, -62.743], [-60.898, 8.697, 15.718], [-56.54, 8.697, 9.877], [-30.906, 9.1, 70.689], [-137.566, 9.1, 90.139], [-31.8, 10.8, 35.9], [-28.467, 10.8, 39.547], [-33.681, 10.962, 40.97], [-129.257, 7.606, 34.018], [-125.88, 8.513, 37.82], [-130.792, 8.737, 39.563], [-33.056, 9.432, 65.892], [-55.093, 9.432, 72.738], [-49.01, 9.432, 80.885], [-29.129, 9.432, 81.5], [-56.676, 9.432, 83.246], [-58.678, 9.432, 77.312], [-141.2, -3.638, -48.4], [-137.371, -3.519, -45.545], [-140.634, -3.316, -42.577], [-93.095, 9.1, 50.487], [-40.148, 9.1, 53.34], [-75.694, 9.1, 58.523], [-72.635, 9.325, 25.319], [-65.589, 9.168, 6.711], [-61.269, 9.098, 8.015], [-56.902, 9.037, 6.743], [-60.324, 9.097, 4.622], [-53.1, 8.973, 30.3], [-42.984, 8.427, 26.636], [-16.293, -3.145, -16.745], [-21.7, -5.091, -58.7], [-15.225, -3.763, -47.37], [-86.719, -5.091, -78.048], [-78.7, -5.091, -74.8], [-138.461, -5.091, -71.332], [23.7, -3.441, -27.7], [-79.936, -3.597, -3.687], [-167.0, -3.597, -15.7], [-55.48, -3.6, -35.6], [-55.397, -3.6, -40.53], [-49.394, -3.6, -34.941], [-49.774, -3.6, -40.377], [-61.2, -3.6, -35.2], [-61.128, -3.6, -40.686], [-43.805, -3.597, -23.094], [-40.0, -3.597, -9.307], [-146.315, -5.091, -69.637], [30.689, -3.41, -28.772], [-160.793, 7.819, 35.382], [-141.051, 7.289, 32.872], [30.426, -3.424, -34.371], [-52.161, 8.922, 1.487], [-101.636, 14.343, 63.789], [-41.005, 9.343, 91.637], [-146.444, -3.357, -36.983], [-55.274, -3.357, -25.977], [-119.178, -3.357, -7.713], [7.564, -3.357, -21.58], [-70.226, 9.343, 58.918], [-63.887, 9.72, 33.484], [-53.45, 9.628, 16.765], [-68.859, 9.871, 14.277], [-42.906, 9.451, 21.325], [-99.357, -0.997, 6.555], [-94.977, -1.377, 4.298], [-99.446, -1.661, 2.54], [-32.105, -2.6, -24.055], [0.097, -2.6, -22.261], [-28.425, -2.6, -3.749], [-126.955, -0.029, 9.616], [-123.565, 0.345, 11.441], [-126.22, 0.831, 13.793], [-131.525, 10.1, 87.083], [-129.148, 10.1, 83.216], [-149.377, 10.1, 77.531], [-52.415, 9.698, 41.419], [-67.637, 9.722, 41.672], [-62.829, 9.826, 2.372], [-23.64, 10.1, 95.335], [-62.718, 10.1, 94.114], [-31.145, -3.6, -11.8], [-95.595, -3.6, -15.622], [-57.103, 9.555, 46.172], [-63.311, 8.818, 5.448], [-79.449, 9.342, 24.833], [-43.901, 8.627, 14.056], [-74.05, 9.859, 15.52], [-62.2, 9.447, 49.201], [-80.8, 9.1, 49.3], [-84.6, 9.1, 59.5], [-96.275, 12.027, 35.771], [-109.264, 5.747, 21.552], [-144.831, 6.07, 28.897], [-152.05, 6.175, 29.291], [-147.991, 6.791, 31.03], [-152.085, 4.603, 25.423], [-160.729, 6.675, 30.775], [-161.937, 5.227, 25.666], [-133.779, 9.343, 49.586], [-136.623, 9.555, 63.861], [-125.961, 9.555, 79.801], [-118.063, 9.555, 78.815], [-111.402, 9.555, 79.417], [-105.123, 9.555, 80.873], [-100.136, 9.555, 79.22], [-30.361, 9.738, 48.226], [-34.01, 9.555, 56.472], [-33.945, 9.555, 85.555], [-58.925, 9.555, 92.094], [-47.531, 9.151, 110.641], [-29.863, 9.151, 109.907], [-41.036, 9.151, 113.513], [-2.22, -3.28, -42.05], [9.09, -3.173, -39.97], [-15.134, -4.747, -72.377], [-41.237, -3.253, -39.431], [-67.977, -3.402, -49.002], [-113.7, -3.8, -43.1], [-101.134, -3.6, -43.427], [-115.433, -1.227, 7.422], [-110.716, -0.55, 10.447], [-111.589, 9.77, 53.177], [-53.635, 9.1, 78.423], [-136.098, 9.1, 56.496], [-81.468, -3.145, -45.702], [-88.151, -3.268, -26.409], [-89.735, -3.6, -9.375], [-55.142, 9.555, 62.436], [-77.131, 9.555, 54.267], [-40.328, 8.358, 33.905], [-75.014, 8.934, 20.932], [0.356, -3.6, -31.994], [-126.389, -3.6, -16.646]]"
Freifort MM1,Enemy Base 6,Reverse Siege Manager/Enemy Base 6,244,11887.016,-77.995,3.781,19.668,,,,n/a,,,"[[-59.41, 8.56, 24.73], [-32.268, -3.6, -35.027], [-93.005, -3.6, -42.055], [-10.8, -3.64, 3.7], [-136.098, -3.64, -36.045], [-136.2, -3.6, -20.2], [-2.5, -3.64, -14.2], [-37.39, 8.77, 25.53], [-50.8, 9.103, 93.1], [-41.762, 8.699, 103.541], [-31.6, 9.103, 94.4], [-41.299, 9.1, 80.788], [-48.8, 8.699, 100.3], [-35.1, 8.699, 101.3], [-113.587, 9.103, 89.605], [-103.8, 9.103, 87.5], [-92.952, 9.103, 84.201], [-90.276, 9.103, 79.719], [-12.649, -3.6, -11.28], [-114.22, -3.6, -6.998], [-148.155, -3.6, -30.644], [-57.138, 8.863, 99.753], [-27.358, 8.697, 105.328], [-143.65, -3.6, -10.448], [-81.866, -3.6, -16.154], [-56.42, 8.697, 1.6], [-68.943, 8.697, 35.71], [-50.138, 8.697, 36.868], [-82.03, 9.1, 61.311], [-142.047, 9.1, 63.718], [-133.462, 9.1, 80.994], [-107.342, 9.1, 86.229], [-44.549, 8.697, 116.489], [-21.603, 9.1, 86.873], [-150.332, -3.597, -46.669], [-68.335, -3.597, -16.276], [-154.4, -3.597, -12.6], [-49.04, 8.699, 17.98], [-69.51, 8.699, 18.6], [-59.381, 8.699, 38.151], [-69.119, -3.354, -43.589], [-33.367, -3.354, -18.687], [-20.735, -2.899, 3.527], [-125.034, -3.354, -40.538], [-152.301, -3.354, -21.612], [-158.054, -3.354, -42.135], [-64.454, 8.942, 13.81], [-50.839, 8.942, 22.953], [-53.17, 8.942, 111.56], [-33.19, 8.942, 110.928], [-119.0, 9.346, 83.1], [-99.539, 9.346, 86.625], [-122.901, 6.7, 30.929], [-32.795, 9.346, 47.566], [-144.851, -3.354, -12.995], [-142.135, -3.354, -12.103], [-143.511, -3.354, -14.503], [-23.802, -2.957, 3.195], [-18.049, -3.349, 2.114], [-16.617, -3.354, -0.435], [-64.327, -3.354, -21.477], [-66.786, -3.354, -23.017], [-69.484, -3.354, -22.021], [-72.138, -3.354, -22.606], [-159.904, -3.354, -20.679], [-148.241, -3.354, -15.874], [-162.455, -3.354, -22.882], [-146.3, 9.346, 70.4], [-113.0, 9.346, 82.5], [-55.419, 8.942, 106.817], [-93.412, 9.346, 71.234], [-66.644, 9.346, 59.878], [-63.938, 9.346, 59.436], [-65.55, 9.346, 56.741], [-67.738, 8.942, 24.235], [-55.859, 8.942, 14.594], [-49.638, 8.942, 27.193], [-63.286, 8.942, 10.375], [-52.661, 8.942, 12.821], [-47.524, 8.942, 22.394], [-11.136, -3.6, -33.414], [-11.235, -3.6, -28.111], [-22.79, -3.6, -31.72], [-102.784, -3.6, -23.154], [-97.413, -3.6, -22.664], [-102.209, -3.6, -28.331], [-107.897, -3.6, -23.484], [-96.758, -3.6, -28.42], [-141.811, 9.1, 83.748], [-136.574, 9.1, 85.72], [-145.81, 9.1, 78.272], [-140.352, 9.1, 78.076], [-141.4, 9.1, 72.7], [-134.2, 9.1, 79.5], [-147.2, 9.1, 72.3], [-16.78, -3.6, -28.49], [-16.86, -3.597, -33.36], [-68.183, 8.817, 1.679], [-46.959, 8.699, 32.394], [-72.383, 8.699, 31.797], [-28.2, -3.6, 3.0], [4.7, -3.6, -14.2], [-137.586, -3.6, -10.732], [-140.506, -4.536, -58.874], [-161.34, -3.6, -32.55], [-145.598, -3.597, -25.54], [-144.032, -5.093, -62.743], [-60.898, 8.697, 15.718], [-56.54, 8.697, 9.877], [-30.906, 9.1, 70.689], [-137.566, 9.1, 90.139], [-31.8, 10.8, 35.9], [-28.467, 10.8, 39.547], [-33.681, 10.962, 40.97], [-129.257, 7.606, 34.018], [-125.88, 8.513, 37.82], [-130.792, 8.737, 39.563], [-141.2, -3.638, -48.4], [-137.371, -3.519, -45.545], [-140.634, -3.316, -42.577], [-93.095, 9.1, 50.487], [-40.148, 9.1, 53.34], [-75.694, 9.1, 58.523], [-72.635, 9.325, 25.319], [-65.589, 9.168, 6.711], [-61.269, 9.098, 8.015], [-56.902, 9.037, 6.743], [-60.324, 9.097, 4.622], [-53.1, 8.973, 30.3], [-42.984, 8.427, 26.636], [-16.293, -3.145, -16.745], [-21.7, -5.091, -58.7], [-15.225, -3.763, -47.37], [-86.719, -5.091, -78.048], [-78.7, -5.091, -74.8], [-138.461, -5.091, -71.332], [23.7, -3.441, -27.7], [-79.936, -3.597, -3.687], [-167.0, -3.597, -15.7], [-55.48, -3.6, -35.6], [-55.397, -3.6, -40.53], [-49.394, -3.6, -34.941], [-49.774, -3.6, -40.377], [-61.2, -3.6, -35.2], [-61.128, -3.6, -40.686], [-43.805, -3.597, -23.094], [-40.0, -3.597, -9.307], [-146.315, -5.091, -69.637], [30.689, -3.41, -28.772], [-160.793, 7.819, 35.382], [-141.051, 7.289, 32.872], [30.426, -3.424, -34.371], [-52.161, 8.922, 1.487], [-101.636, 14.343, 63.789], [-41.005, 9.343, 91.637], [-146.444, -3.357, -36.983], [-55.274, -3.357, -25.977], [-119.178, -3.357, -7.713], [7.564, -3.357, -21.58], [-70.226, 9.343, 58.918], [-63.887, 9.72, 33.484], [-53.45, 9.628, 16.765], [-68.859, 9.871, 14.277], [-42.906, 9.451, 21.325], [-99.357, -0.997, 6.555], [-94.977, -1.377, 4.298], [-99.446, -1.661, 2.54], [-32.105, -2.6, -24.055], [0.097, -2.6, -22.261], [-28.425, -2.6, -3.749], [-126.955, -0.029, 9.616], [-123.565, 0.345, 11.441], [-126.22, 0.831, 13.793], [-131.525, 10.1, 87.083], [-129.148, 10.1, 83.216], [-149.377, 10.1, 77.531], [-52.415, 9.698, 41.419], [-67.637, 9.722, 41.672], [-62.829, 9.826, 2.372], [-23.64, 10.1, 95.335], [-62.718, 10.1, 94.114], [-31.145, -3.6, -11.8], [-95.595, -3.6, -15.622], [-57.103, 9.555, 46.172], [-63.311, 8.818, 5.448], [-79.449, 9.342, 24.833], [-62.2, 9.447, 49.201], [-80.8, 9.1, 49.3], [-84.6, 9.1, 59.5], [-96.275, 12.027, 35.771], [-109.264, 5.747, 21.552], [-160.729, 6.675, 30.775], [-161.937, 5.227, 25.666], [-133.779, 9.343, 49.586], [-136.623, 9.555, 63.861], [-125.961, 9.555, 79.801], [-118.063, 9.555, 78.815], [-111.402, 9.555, 79.417], [-105.123, 9.555, 80.873], [-100.136, 9.555, 79.22], [-30.361, 9.738, 48.226], [-34.01, 9.555, 56.472], [-33.945, 9.555, 85.555], [-58.925, 9.555, 92.094], [-47.531, 9.151, 110.641], [-29.863, 9.151, 109.907], [-41.036, 9.151, 113.513], [7.1, -3.173, -39.7], [-15.134, -4.747, -72.377], [-41.237, -3.253, -39.431], [-75.3, -3.402, -42.8], [-113.7, -3.8, -43.1], [-111.589, 9.77, 53.177], [-53.635, 9.1, 78.423], [-136.098, 9.1, 56.496], [-81.468, -3.145, -45.702], [-88.151, -3.268, -26.409], [-89.735, -3.6, -9.375], [-55.142, 9.555, 62.436], [-77.131, 9.555, 54.267], [-40.328, 8.358, 33.905], [-75.014, 8.934, 20.932], [0.356, -3.6, -31.994], [-126.389, -3.6, -16.646], [-22.852, -3.253, -9.424], [-113.21, 14.447, 60.015], [-44.68, 12.79, 62.94], [-154.617, 6.265, 29.842], [-148.453, 5.575, 28.024], [-136.164, 7.035, 32.822], [-31.29, 9.1, 43.9], [-46.006, 8.471, 25.645], [-45.333, 8.482, 20.166], [-73.379, 8.838, 39.089], [-68.704, -3.145, -34.196], [-48.479, -1.888, -33.344], [-65.546, -3.6, -33.531], [-88.028, -3.6, -35.322], [-30.19, 1.523, 16.731], [-30.354, 4.512, 23.392], [-89.654, 6.741, 30.478], [-87.121, 8.02, 35.986], [-50.972, 9.346, 51.684], [-64.62, 8.818, 10.292]]"
Freifort MM2,Top Left,ES Freifort MM2/Top Left,2,13.005,-167.665,6.82,26.71,True,True,True,Normal,,,"[[-167.84, 6.82, 33.21], [-167.49, 6.82, 20.21]]"
Freifort MM2,SpawnLine,BOSS/E Iron Castle/SpawnLine,2,17.71,-36.971,-9.82,-145.118,True,True,True,Normal,,,"[[-45.805, -9.82, -145.731], [-28.138, -9.82, -144.504]]"
Freifort MM2,Bot Right,ES Freifort MM2/Bot Right,2,13.463,24.25,-15.8,-104.7,True,True,True,Normal,,,"[[28.4, -15.8, -99.4], [20.1, -15.8, -110.0]]"
Freifort MM2,Spawn,BUILDINGS/Summoning Circle (1)/Spawn,4,1.586,-138.927,9.1,81.024,True,True,True,Normal,,,"[[-138.927, 9.1, 81.252], [-139.193, 9.1, 80.797], [-138.661, 9.1, 80.797], [-138.927, 9.1, 81.252]]"
Freifort MM2,Spawn,BUILDINGS/Summoning Circle/Spawn,4,1.558,-162.337,7.375,34.613,True,True,True,Normal,,,"[[-162.332, 7.436, 34.832], [-162.607, 7.32, 34.397], [-162.075, 7.306, 34.39], [-162.332, 7.436, 34.832]]"
Freifort MM2,Spawn,BUILDINGS/Summoning Circle (2)/Spawn,4,1.586,24.753,-3.5,-20.886,True,True,True,Normal,,,"[[24.753, -3.5, -20.658], [24.487, -3.5, -21.113], [25.019, -3.5, -21.113], [24.753, -3.5, -20.658]]"
Freifort MM2,Spawn,BUILDINGS/Summoning Circle/Spawn,4,1.588,-83.03,-16.2,-126.367,True,True,True,Normal,,,"[[-83.03, -16.2, -126.139], [-83.296, -16.2, -126.594], [-82.763, -16.2, -126.594], [-83.03, -16.2, -126.139]]"
Freifort MM2,Top Right,ES Freifort MM2/Top Right,2,17.03,33.46,-3.7,-36.715,True,True,True,Normal,,,"[[33.5, -3.7, -28.2], [33.42, -3.7, -45.23]]"
Freifort MM2,Bot Left,ES Freifort MM2/Bot Left,2,16.688,-110.85,-15.8,-126.35,True,True,True,Normal,,,"[[-118.2, -15.8, -122.4], [-103.5, -15.8, -130.3]]"
Freifort MM2,Cave,ES Freifort MM2/Cave,2,6.203,-160.6,-15.8,-82.7,True,True,False,Normal,,,"[[-157.5, -15.8, -82.6], [-163.7, -15.8, -82.8]]"
Freifort MM2,Middle,ES Freifort MM2/Middle,2,35.835,-39.195,-15.8,-120.05,True,True,True,Normal,,,"[[-21.37, -15.8, -118.23], [-57.02, -15.8, -121.87]]"
Freifort MM3,Top Left,ES Freifort MM3/Top Left,2,13.005,-167.665,6.82,26.71,True,True,True,Normal,,,"[[-167.84, 6.82, 33.21], [-167.49, 6.82, 20.21]]"
Freifort MM3,Bot Right,ES Freifort MM3/Bot Right,2,13.463,24.25,-15.8,-104.7,True,True,True,Normal,,,"[[28.4, -15.8, -99.4], [20.1, -15.8, -110.0]]"
Freifort MM3,SpawnLine,BOSS/E Iron Castle/SpawnLine,2,17.71,-36.971,-9.82,-145.118,True,True,True,Normal,,,"[[-45.805, -9.82, -145.731], [-28.138, -9.82, -144.504]]"
Freifort MM3,Bot Left,ES Freifort MM3/Bot Left,2,16.688,-110.85,-15.8,-126.35,True,True,True,Normal,,,"[[-118.2, -15.8, -122.4], [-103.5, -15.8, -130.3]]"
Freifort MM3,Top Right,ES Freifort MM3/Top Right,2,17.03,33.46,-3.7,-36.715,True,True,True,Normal,,,"[[33.5, -3.7, -28.2], [33.42, -3.7, -45.23]]"
Freifort MM3,Cave,ES Freifort MM3/Cave,2,6.203,-160.6,-15.8,-82.7,True,True,False,Normal,,,"[[-157.5, -15.8, -82.6], [-163.7, -15.8, -82.8]]"
Freifort MM3,Middle,ES Freifort MM3/Middle,2,35.835,-39.195,-15.8,-120.05,True,True,True,Normal,,,"[[-21.37, -15.8, -118.23], [-57.02, -15.8, -121.87]]"
Moorweg MM1,SpawnLine,BOSS/E Ghostqueen/SpawnLine,2,0.0,-104.11,19.47,-60.87,True,True,True,Normal,,,"[[-104.11, 19.47, -60.87], [-104.11, 19.47, -60.87]]"
Moorweg MM1,Center,ES Moorweg MM1/Center,2,16.101,8.55,19.32,-0.5,True,True,True,Normal,,,"[[6.2, 19.32, 7.2], [10.9, 19.32, -8.2]]"
Moorweg MM1,Mountains,ES Moorweg MM1/Mountains,2,19.313,-21.7,19.32,97.0,True,True,True,Normal,,,"[[-31.0, 19.32, 99.6], [-12.4, 19.32, 94.4]]"
Moorweg MM1,Spawn,BUILDINGS/Summoning Circle (4)/Spawn,4,1.586,-132.227,19.19,-64.576,True,True,True,Normal,,,"[[-132.227, 19.19, -64.348], [-132.493, 19.19, -64.803], [-131.961, 19.19, -64.803], [-132.227, 19.19, -64.348]]"
Moorweg MM1,Spawn,BUILDINGS/Summoning Circle (19)/Spawn,4,1.586,-173.027,19.19,-25.776,True,True,True,Normal,,,"[[-173.027, 19.19, -25.548], [-173.293, 19.19, -26.003], [-172.761, 19.19, -26.003], [-173.027, 19.19, -25.548]]"
Moorweg MM1,Spawn,BUILDINGS/Summoning Circle (24)/Spawn,4,1.586,-95.227,19.19,-98.076,True,True,True,Normal,,,"[[-95.227, 19.19, -97.848], [-95.493, 19.19, -98.303], [-94.961, 19.19, -98.303], [-95.227, 19.19, -97.848]]"
Moorweg MM1,Spawn,BUILDINGS/Summoning Circle (27)/Spawn,4,1.586,-10.127,19.19,-17.276,True,True,True,Normal,,,"[[-10.127, 19.19, -17.048], [-10.393, 19.19, -17.503], [-9.861, 19.19, -17.503], [-10.127, 19.19, -17.048]]"
Moorweg MM1,Spawn,BUILDINGS/Summoning Circle (8)/Spawn,4,1.586,-17.887,19.19,-75.206,True,True,True,Normal,,,"[[-17.887, 19.19, -74.978], [-18.153, 19.19, -75.433], [-17.621, 19.19, -75.433], [-17.887, 19.19, -74.978]]"
Moorweg MM1,Spawn,BUILDINGS/Summoning Circle (1)/Spawn,4,1.586,-160.387,19.19,49.294,True,True,True,Normal,,,"[[-160.387, 19.19, 49.522], [-160.653, 19.19, 49.067], [-160.121, 19.19, 49.067], [-160.387, 19.19, 49.522]]"
Moorweg MM1,Spawn,BUILDINGS/Summoning Circle (5)/Spawn,4,1.586,-34.377,19.19,-79.666,True,True,True,Normal,,,"[[-34.377, 19.19, -79.438], [-34.643, 19.19, -79.893], [-34.111, 19.19, -79.893], [-34.377, 19.19, -79.438]]"
Moorweg MM1,Spawn,BUILDINGS/Summoning Circle (21)/Spawn,4,1.586,-76.327,19.19,-89.775,True,True,True,Normal,,,"[[-76.327, 19.19, -89.548], [-76.593, 19.19, -90.003], [-76.061, 19.19, -90.003], [-76.327, 19.19, -89.548]]"
Moorweg MM1,Spawn,BUILDINGS/Summoning Circle (9)/Spawn,4,1.586,-17.977,19.19,-65.856,True,True,True,Normal,,,"[[-17.977, 19.19, -65.628], [-18.243, 19.19, -66.083], [-17.711, 19.19, -66.083], [-17.977, 19.19, -65.628]]"
Moorweg MM1,Spawn,BUILDINGS/Summoning Circle (17)/Spawn,4,1.586,-65.327,19.19,64.424,True,True,True,Normal,,,"[[-65.327, 19.19, 64.652], [-65.593, 19.19, 64.197], [-65.061, 19.19, 64.197], [-65.327, 19.19, 64.652]]"
Moorweg MM1,Spawn,BUILDINGS/Summoning Circle (25)/Spawn,4,1.586,-144.627,19.19,-51.975,True,True,True,Normal,,,"[[-144.627, 19.19, -51.748], [-144.893, 19.19, -52.203], [-144.361, 19.19, -52.203], [-144.627, 19.19, -51.748]]"
Moorweg MM1,Spawn,BUILDINGS/Summoning Circle (28)/Spawn,4,1.586,-90.127,19.19,19.624,True,True,True,Normal,,,"[[-90.127, 19.19, 19.852], [-90.393, 19.19, 19.397], [-89.861, 19.19, 19.397], [-90.127, 19.19, 19.852]]"
Moorweg MM1,Spawn,BUILDINGS/Summoning Circle (14)/Spawn,4,1.586,-1.127,19.19,18.325,True,True,True,Normal,,,"[[-1.127, 19.19, 18.552], [-1.393, 19.19, 18.097], [-0.861, 19.19, 18.097], [-1.127, 19.19, 18.552]]"
Moorweg MM1,Spawn,BUILDINGS/Summoning Circle (26)/Spawn,4,1.586,11.273,19.19,-53.975,True,True,True,Normal,,,"[[11.273, 19.19, -53.748], [11.007, 19.19, -54.203], [11.539, 19.19, -54.203], [11.273, 19.19, -53.748]]"
Moorweg MM1,Spawn,BUILDINGS/Summoning Circle (22)/Spawn,4,1.586,-52.727,19.19,-94.775,True,True,True,Normal,,,"[[-52.727, 19.19, -94.548], [-52.993, 19.19, -95.003], [-52.461, 19.19, -95.003], [-52.727, 19.19, -94.548]]"
Moorweg MM1,Spawn,BUILDINGS/Summoning Circle (16)/Spawn,4,1.586,-27.027,19.19,94.225,True,True,True,Normal,,,"[[-27.027, 19.19, 94.452], [-27.293, 19.19, 93.997], [-26.761, 19.19, 93.997], [-27.027, 19.19, 94.452]]"
Moorweg MM1,Spawn,BUILDINGS/Summoning Circle (20)/Spawn,4,1.586,-162.497,19.19,-22.015,True,True,True,Normal,,,"[[-162.497, 19.19, -21.788], [-162.763, 19.19, -22.243], [-162.231, 19.19, -22.243], [-162.497, 19.19, -21.788]]"
Moorweg MM1,Spawn,BUILDINGS/Summoning Circle (23)/Spawn,4,1.586,-117.727,19.19,-6.175,True,True,True,Normal,,,"[[-117.727, 19.19, -5.948], [-117.993, 19.19, -6.403], [-117.461, 19.19, -6.403], [-117.727, 19.19, -5.948]]"
Moorweg MM1,Spawn,BUILDINGS/Summoning Circle (6)/Spawn,4,1.586,-33.657,19.19,-69.875,True,True,True,Normal,,,"[[-33.657, 19.19, -69.648], [-33.923, 19.19, -70.103], [-33.391, 19.19, -70.103], [-33.657, 19.19, -69.648]]"
Moorweg MM1,Spawn,BUILDINGS/Summoning Circle (7)/Spawn,4,1.586,-26.947,19.19,-63.255,True,True,True,Normal,,,"[[-26.947, 19.19, -63.028], [-27.213, 19.19, -63.483], [-26.681, 19.19, -63.483], [-26.947, 19.19, -63.028]]"
Moorweg MM1,Spawn,BUILDINGS/Summoning Circle (13)/Spawn,4,1.586,-4.027,19.19,40.724,True,True,True,Normal,,,"[[-4.027, 19.19, 40.952], [-4.293, 19.19, 40.497], [-3.761, 19.19, 40.497], [-4.027, 19.19, 40.952]]"
Moorweg MM1,Spawn,BUILDINGS/Summoning Circle (3)/Spawn,4,1.586,-107.327,19.19,-82.775,True,True,True,Normal,,,"[[-107.327, 19.19, -82.548], [-107.593, 19.19, -83.003], [-107.061, 19.19, -83.003], [-107.327, 19.19, -82.548]]"
Moorweg MM1,Spawn,BUILDINGS/Summoning Circle (12)/Spawn,4,1.586,3.873,19.19,-2.075,True,True,True,Normal,,,"[[3.873, 19.19, -1.848], [3.607, 19.19, -2.303], [4.139, 19.19, -2.303], [3.873, 19.19, -1.848]]"
Moorweg MM1,Spawn,BUILDINGS/Summoning Circle (10)/Spawn,4,1.586,-9.697,19.19,-60.215,True,True,True,Normal,,,"[[-9.697, 19.19, -59.988], [-9.963, 19.19, -60.443], [-9.431, 19.19, -60.443], [-9.697, 19.19, -59.988]]"
Moorweg MM1,Spawn,BUILDINGS/Summoning Circle (2)/Spawn,4,1.586,-114.827,19.19,81.424,True,True,True,Normal,,,"[[-114.827, 19.19, 81.652], [-115.093, 19.19, 81.197], [-114.561, 19.19, 81.197], [-114.827, 19.19, 81.652]]"
Moorweg MM1,Spawn,BUILDINGS/Summoning Circle (18)/Spawn,4,1.586,-177.107,19.19,-15.616,True,True,True,Normal,,,"[[-177.107, 19.19, -15.388], [-177.373, 19.19, -15.843], [-176.841, 19.19, -15.843], [-177.107, 19.19, -15.388]]"
Moorweg MM1,Spawn,BUILDINGS/Summoning Circle (15)/Spawn,4,1.586,-22.427,19.19,87.725,True,True,True,Normal,,,"[[-22.427, 19.19, 87.952], [-22.693, 19.19, 87.497], [-22.161, 19.19, 87.497], [-22.427, 19.19, 87.952]]"
Moorweg MM1,Spawn,BUILDINGS/Summoning Circle (11)/Spawn,4,1.586,-8.727,19.19,-31.175,True,True,True,Normal,,,"[[-8.727, 19.19, -30.948], [-8.993, 19.19, -31.403], [-8.461, 19.19, -31.403], [-8.727, 19.19, -30.948]]"
Moorweg MM1,Farms,ES Moorweg MM1/Farms,2,14.262,16.4,19.32,-55.7,True,True,True,Normal,,,"[[19.1, 19.32, -49.1], [13.7, 19.32, -62.3]]"
Moorweg MM1,Graveyard,ES Moorweg MM1/Graveyard,2,9.53,-50.065,19.32,-99.67,True,True,True,Normal,,,"[[-45.61, 19.32, -97.98], [-54.52, 19.32, -101.36]]"
Moorweg MM2,SpawnLine,BOSS/E Ghostqueen/SpawnLine,2,0.0,-104.11,19.47,-60.87,True,True,True,Normal,,,"[[-104.11, 19.47, -60.87], [-104.11, 19.47, -60.87]]"
Moorweg MM2,Center,ES Moorweg MM2/Center,2,16.101,8.55,19.32,-0.5,True,True,True,Normal,,,"[[6.2, 19.32, 7.2], [10.9, 19.32, -8.2]]"
Moorweg MM2,Farms,ES Moorweg MM2/Farms,2,14.262,16.4,19.32,-55.7,True,True,True,Normal,,,"[[19.1, 19.32, -49.1], [13.7, 19.32, -62.3]]"
Moorweg MM2,Mountains,ES Moorweg MM2/Mountains,2,19.313,-21.7,19.32,97.0,True,True,True,Normal,,,"[[-31.0, 19.32, 99.6], [-12.4, 19.32, 94.4]]"
Moorweg MM2,Graveyard,ES Moorweg MM2/Graveyard,2,9.53,-50.065,19.32,-99.67,True,True,True,Normal,,,"[[-45.61, 19.32, -97.98], [-54.52, 19.32, -101.36]]"
Moorweg MM3,SpawnLine,BOSS/E Ghostqueen/SpawnLine,2,0.0,-104.11,19.47,-60.87,True,True,True,Normal,,,"[[-104.11, 19.47, -60.87], [-104.11, 19.47, -60.87]]"
Moorweg MM3,Graveyard,ES Moorweg MM3/Graveyard,2,9.53,-50.065,19.32,-99.67,True,True,True,Normal,,,"[[-45.61, 19.32, -97.98], [-54.52, 19.32, -101.36]]"
Moorweg MM3,Center,ES Moorweg MM3/Center,2,16.101,8.55,19.32,-0.5,True,True,True,Normal,,,"[[6.2, 19.32, 7.2], [10.9, 19.32, -8.2]]"
Moorweg MM3,Spawn,BUILDINGS/Summoning Circle (4)/Spawn,4,1.586,-137.627,19.19,-57.075,True,True,True,Normal,,,"[[-137.627, 19.19, -56.848], [-137.893, 19.19, -57.303], [-137.361, 19.19, -57.303], [-137.627, 19.19, -56.848]]"
Moorweg MM3,Spawn,BUILDINGS/Summoning Circle (1)/Spawn,4,1.586,-160.387,19.19,49.294,True,True,True,Normal,,,"[[-160.387, 19.19, 49.522], [-160.653, 19.19, 49.067], [-160.121, 19.19, 49.067], [-160.387, 19.19, 49.522]]"
Moorweg MM3,Spawn,BUILDINGS/Summoning Circle (3)/Spawn,4,1.586,-107.327,19.19,-82.775,True,True,True,Normal,,,"[[-107.327, 19.19, -82.548], [-107.593, 19.19, -83.003], [-107.061, 19.19, -83.003], [-107.327, 19.19, -82.548]]"
Moorweg MM3,Spawn,BUILDINGS/Summoning Circle (2)/Spawn,4,1.586,-114.827,19.19,81.424,True,True,True,Normal,,,"[[-114.827, 19.19, 81.652], [-115.093, 19.19, 81.197], [-114.561, 19.19, 81.197], [-114.827, 19.19, 81.652]]"
Moorweg MM3,Farms,ES Moorweg MM3/Farms,2,14.262,16.4,19.32,-55.7,True,True,True,Normal,,,"[[19.1, 19.32, -49.1], [13.7, 19.32, -62.3]]"
Moorweg MM3,Mountains,ES Moorweg MM3/Mountains,2,19.313,-21.7,19.32,97.0,True,True,True,Normal,,,"[[-31.0, 19.32, 99.6], [-12.4, 19.32, 94.4]]"
Totend MM1,Left Air,ES Totend MM1/Left Air,2,36.538,-110.05,34.12,93.1,True,False,False,Normal,,,"[[-95.1, 34.12, 103.6], [-125.0, 34.12, 82.6]]"
Totend MM1,Left Bridge,ES Totend MM1/Left Bridge,2,29.9,-42.75,9.55,160.065,True,True,True,Normal,,,"[[-27.8, 9.55, 160.1], [-57.7, 9.55, 160.03]]"
Totend MM1,Right Air,ES Totend MM1/Right Air,2,36.926,-115.72,34.12,-72.23,True,False,False,Normal,,,"[[-129.92, 34.12, -60.43], [-101.52, 34.12, -84.03]]"
Totend MM1,Middle Bridge,ES Totend MM1/Middle Bridge,2,31.945,-168.224,9.3,10.705,True,True,True,Normal,,,"[[-167.75, 9.3, 26.67], [-168.697, 9.3, -5.261]]"
Totend MM1,Right Bridge,ES Totend MM1/Right Bridge,2,31.981,-41.79,14.54,-134.9,True,True,True,Normal,,,"[[-25.8, 14.54, -134.8], [-57.78, 14.54, -135.0]]"
Totend MM2,Enemy Spawner,FINAL BOSS FIGHT/STAGE 2 SPAWNER (disable)/Stage 2 Spawn Line/E Corrupt King/Enemy Spawner,2,0.0,-174.9,18.91,14.68,True,True,True,Normal,,,"[[-174.9, 18.91, 14.68], [-174.9, 18.91, 14.68]]"
Totend MM2,Middle Bridge,ES Totend MM2/Middle Bridge,2,31.945,-168.224,9.3,10.705,True,True,True,Normal,,,"[[-167.75, 9.3, 26.67], [-168.697, 9.3, -5.261]]"
Totend MM2,Right Air,ES Totend MM2/Right Air,2,36.926,-115.72,34.12,-72.23,True,False,False,Normal,,,"[[-129.92, 34.12, -60.43], [-101.52, 34.12, -84.03]]"
Totend MM2,Stage 2 Spawn Line,FINAL BOSS FIGHT/STAGE 2 SPAWNER (disable)/Stage 2 Spawn Line,3,0.0,-174.9,18.91,14.68,True,True,True,Normal,,,"[[-174.9, 18.91, 14.68], [-174.9, 18.91, 14.68], [-174.9, 18.91, 14.68]]"
Totend MM2,Left Air,ES Totend MM2/Left Air,2,36.538,-110.05,34.12,93.1,True,False,False,Normal,,,"[[-95.1, 34.12, 103.6], [-125.0, 34.12, 82.6]]"
Totend MM2,Right Bridge,ES Totend MM2/Right Bridge,2,31.981,-41.79,14.54,-134.9,True,True,True,Normal,,,"[[-25.8, 14.54, -134.8], [-57.78, 14.54, -135.0]]"
Totend MM2,Left Bridge,ES Totend MM2/Left Bridge,2,29.9,-42.75,9.55,160.065,True,True,True,Normal,,,"[[-27.8, 9.55, 160.1], [-57.7, 9.55, 160.03]]"
Totend MM3,Right Air,ES Totend MM3/Right Air,2,36.926,-115.72,34.12,-72.23,True,False,False,Normal,,,"[[-129.92, 34.12, -60.43], [-101.52, 34.12, -84.03]]"
Totend MM3,Enemy Spawner,FINAL BOSS FIGHT/STAGE 2 SPAWNER (disable)/Stage 2 Spawn Line/E Corrupt King/Enemy Spawner,2,0.0,-174.9,18.91,14.68,True,True,True,Normal,,,"[[-174.9, 18.91, 14.68], [-174.9, 18.91, 14.68]]"
Totend MM3,Left Air,ES Totend MM3/Left Air,2,36.538,-110.05,34.12,93.1,True,False,False,Normal,,,"[[-95.1, 34.12, 103.6], [-125.0, 34.12, 82.6]]"
Totend MM3,Middle Bridge,ES Totend MM3/Middle Bridge,2,31.945,-168.224,9.3,10.705,True,True,True,Normal,,,"[[-167.75, 9.3, 26.67], [-168.697, 9.3, -5.261]]"
Totend MM3,Spawn,BUILDINGS/Summoning Circle (2)/Spawn,4,1.588,-25.811,18.807,-96.756,True,True,True,Normal,,,"[[-25.811, 18.807, -96.528], [-26.077, 18.807, -96.983], [-25.544, 18.807, -96.983], [-25.811, 18.807, -96.528]]"
Totend MM3,Spawn,BUILDINGS/Summoning Circle (5)/Spawn,4,1.589,-20.116,18.807,-110.109,True,True,True,Normal,,,"[[-20.116, 18.807, -109.881], [-20.383, 18.807, -110.337], [-19.85, 18.807, -110.337], [-20.116, 18.807, -109.881]]"
Totend MM3,Spawn,BUILDINGS/Summoning Circle (3)/Spawn,4,1.588,-49.089,18.807,-97.343,True,True,True,Normal,,,"[[-49.089, 18.807, -97.115], [-49.356, 18.807, -97.57], [-48.823, 18.807, -97.57], [-49.089, 18.807, -97.115]]"
Totend MM3,Spawn,BUILDINGS/Summoning Circle (4)/Spawn,4,1.588,-62.62,18.807,-102.98,True,True,True,Normal,,,"[[-62.62, 18.807, -102.752], [-62.886, 18.807, -103.207], [-62.353, 18.807, -103.207], [-62.62, 18.807, -102.752]]"
Totend MM3,Spawn,BUILDINGS/Summoning Circle/Spawn,4,1.586,-48.101,18.807,-112.367,True,True,True,Normal,,,"[[-48.101, 18.807, -112.139], [-48.367, 18.807, -112.594], [-47.835, 18.807, -112.594], [-48.101, 18.807, -112.139]]"
Totend MM3,Spawn,BUILDINGS/Summoning Circle (1)/Spawn,4,1.588,-33.504,18.807,-117.106,True,True,True,Normal,,,"[[-33.504, 18.807, -116.878], [-33.771, 18.807, -117.333], [-33.238, 18.807, -117.333], [-33.504, 18.807, -116.878]]"
Totend MM3,Stage 2 Spawn Line,FINAL BOSS FIGHT/STAGE 2 SPAWNER (disable)/Stage 2 Spawn Line,3,0.0,-174.9,18.91,14.68,True,True,True,Normal,,,"[[-174.9, 18.91, 14.68], [-174.9, 18.91, 14.68], [-174.9, 18.91, 14.68]]"
Totend MM3,Right Bridge,ES Totend MM3/Right Bridge,2,31.981,-41.79,14.54,-134.9,True,True,True,Normal,,,"[[-25.8, 14.54, -134.8], [-57.78, 14.54, -135.0]]"
Totend MM3,Left Bridge,ES Totend MM3/Left Bridge,2,29.9,-42.75,9.55,160.065,True,True,True,Normal,,,"[[-27.8, 9.55, 160.1], [-57.7, 9.55, 160.03]]"
Wildbach MM1,Pond Air,Temple Puzzle/Pond Air,2,21.369,-109.675,14.15,-73.205,True,False,False,Normal,,Upper Level Side,"[[-106.89, 14.15, -83.52], [-112.46, 14.15, -62.89]]"
Wildbach MM1,Expansion Side,Temple Puzzle/Expansion Side,2,9.874,74.905,18.56,-161.7,True,True,True,Normal,Expansion Main,,"[[75.88, 18.93, -166.54], [73.93, 18.19, -156.86]]"
Wildbach MM1,Expansion Main,Temple Puzzle/Expansion Main,2,19.788,32.66,17.27,-201.87,True,True,True,Normal,Expansion Side,,"[[41.86, 17.7, -198.23], [23.46, 16.84, -205.51]]"
Wildbach MM1,Upper Level Side,Temple Puzzle/Upper Level Side,2,6.491,75.36,22.14,-80.745,True,True,True,Normal,,Main Bridge;Pond Air,"[[75.42, 22.14, -83.99], [75.3, 22.14, -77.5]]"
Wildbach MM1,Main Bridge,Temple Puzzle/Main Bridge,2,18.759,-27.725,17.55,-188.31,True,True,True,Normal,,Upper Level Side,"[[-18.65, 17.55, -190.68], [-36.8, 17.55, -185.94]]"
Wildbach MM2,Expansion Main,ES Wildbach MM2/Expansion Main,2,19.788,32.66,17.27,-201.87,True,True,True,Normal,Expansion Side,,"[[41.86, 17.7, -198.23], [23.46, 16.84, -205.51]]"
Wildbach MM2,Main Bridge,ES Wildbach MM2/Main Bridge,2,18.759,-27.725,17.55,-188.31,True,True,True,Normal,,Upper Level Side,"[[-18.65, 17.55, -190.68], [-36.8, 17.55, -185.94]]"
Wildbach MM2,Expansion Side,ES Wildbach MM2/Expansion Side,2,9.874,74.905,18.56,-161.7,True,True,True,Normal,Expansion Main,,"[[75.88, 18.93, -166.54], [73.93, 18.19, -156.86]]"
Wildbach MM2,Pond Air,ES Wildbach MM2/Pond Air,2,21.369,-109.675,14.15,-73.205,True,False,False,Normal,,Upper Level Side,"[[-106.89, 14.15, -83.52], [-112.46, 14.15, -62.89]]"
Wildbach MM2,Upper Level Side,ES Wildbach MM2/Upper Level Side,2,6.491,75.36,22.14,-80.745,True,True,True,Normal,,Main Bridge;Pond Air,"[[75.42, 22.14, -83.99], [75.3, 22.14, -77.5]]"
Wildbach MM2,Spawn,BUILDINGS/Summoning Circle (2)/Spawn,4,1.588,-31.25,17.307,-128.236,True,True,True,Normal,,,"[[-31.25, 17.307, -128.009], [-31.516, 17.307, -128.464], [-30.983, 17.307, -128.464], [-31.25, 17.307, -128.009]]"
Wildbach MM2,Spawn,BUILDINGS/Summoning Circle/Spawn,4,1.586,-66.627,9.707,-32.995,True,True,True,Normal,,,"[[-66.627, 9.707, -32.768], [-66.893, 9.707, -33.223], [-66.361, 9.707, -33.223], [-66.627, 9.707, -32.768]]"
Wildbach MM3,Pond Air,ES Wildbach MM3/Pond Air,2,21.369,-109.675,14.15,-73.205,True,False,False,Normal,,Upper Level Side,"[[-106.89, 14.15, -83.52], [-112.46, 14.15, -62.89]]"
Wildbach MM3,Upper Level Side,ES Wildbach MM3/Upper Level Side,2,6.491,75.36,22.14,-80.745,True,True,True,Normal,,Main Bridge;Pond Air,"[[75.42, 22.14, -83.99], [75.3, 22.14, -77.5]]"
Wildbach MM3,Main Bridge,ES Wildbach MM3/Main Bridge,2,18.759,-27.725,17.55,-188.31,True,True,True,Normal,,Upper Level Side,"[[-18.65, 17.55, -190.68], [-36.8, 17.55, -185.94]]"
Wildbach MM3,Expansion Main,ES Wildbach MM3/Expansion Main,2,19.788,32.66,17.27,-201.87,True,True,True,Normal,Expansion Side,,"[[41.86, 17.7, -198.23], [23.46, 16.84, -205.51]]"
Wildbach MM3,Spawn,BUILDINGS/Summoning Circle (2)/Spawn,4,1.588,-31.25,17.307,-128.236,True,True,True,Normal,,,"[[-31.25, 17.307, -128.009], [-31.516, 17.307, -128.464], [-30.983, 17.307, -128.464], [-31.25, 17.307, -128.009]]"
Wildbach MM3,Spawn,BUILDINGS/Summoning Circle/Spawn,4,1.586,-66.627,9.707,-32.995,True,True,True,Normal,,,"[[-66.627, 9.707, -32.768], [-66.893, 9.707, -33.223], [-66.361, 9.707, -33.223], [-66.627, 9.707, -32.768]]"
Wildbach MM3,Expansion Side,ES Wildbach MM3/Expansion Side,2,9.874,74.905,18.56,-161.7,True,True,True,Normal,Expansion Main,,"[[75.88, 18.93, -166.54], [73.93, 18.19, -156.86]]"
