name_repr,path,freezeTime,freezePlayer,canNotBeEscaped,activeSelf,gameHelpers,buttons(label->onClick),texts
'About Frame',UI Canvas/About Frame,False,True,False,False,UIFrame;VersionNumberDisplay,,version 0.85 | Felipe Herrador Valenzueal Marcus Rodrigues Nolwenn Gaudin Dmitry Usov Serda Soylu Iva Krombholozova Federica Bianco Mykola Khandoga Maeng Ju Hyung | Level Up Translation  | Translated by | Jonas Tyroller & Paul Schnepf  | Created by
'After Match Frame ',UI Canvas/After Match Frame ,False,True,True,False,EndOfMatchScoreUIHelper;EternalTrialsDefeatUI;EternalTrialsVictoryUI;TFUIAudioHelper;TFUITextButton;UIFrame,Try Again->EndOfMatchScoreUIHelper.OnTryAgainET | Back to Map->EndOfMatchScoreUIHelper.ToMenuET | Continue->EndOfMatchScoreUIHelper.OnContinueET | Back to Map->EndOfMatchScoreUIHelper.ToMenuET | Try Again->EndOfMatchScoreUIHelper.OnTryAgainET | Back to Menu->EndOfMatchScoreUIHelper.ToMenuET | Weiter->EndOfMatchScoreUIHelper.OnContinueET | Back to Menu->EndOfMatchScoreUIHelper.ToMenuET | Try Again->UIFrameManager.ChangeActiveFrame(Classic Retry Mode Select Pop Up ) | Continue->EndOfMatchScoreUIHelper.OnContinue | Continue->EndOfMatchScoreUIHelper.OnContinue | Try Again->EndscreenRetryHelper.FreshStart,"Try Again | Back to Map | 1000/3000 | Maximum demo level reached. | Maximum level reached. | Level <style=""Body Numerals"">X"
'Before Quit',UI Canvas/Before Quit,False,True,False,False,TFUIAudioHelper;TFUITextButton;UIFrame;WishlistButton,Quit->UIFrameManager.QuitToDesktop | Wishlist on Steam!->WishlistButton.Wishlist,Quit  | Wishlist on Steam! | Thronefall
'Bonus Mode Select Frame',UI Canvas/Bonus Mode Select Frame,False,True,False,False,TFUIAudioHelper;TFUITextButton;TransitionToSelectedLevelHelper;UIBonusLevelSelect;UIFrame,Play-> | Play-> | Play-> | X->UIFrameManager.CloseActiveFrame,Play | Durststein <style=subheader><size=20>Bonus Modes | X
'Choice Frame',UI Canvas/Choice Frame,False,True,False,False,ChoiceUIFrameHelper;TFUIAudioHelper;TFUITextButton;TFUIUpgradeChoice;UIFrame;UIParentResizer,X->UIFrameManager.CloseActiveFrame,"X | + 50% more swag on your sword, it also spits flames  + 75% more HP for all your buildings  + your horse looks really cool | Flaming Towers | Upgrade"
'Classic Retry Mode Select Pop Up ',UI Canvas/Classic Retry Mode Select Pop Up ,True,True,False,False,EndscreenRetryHelper;TFUIAudioHelper;TFUITextButton;UIFrame,Repeat Last Day->EndscreenRetryHelper.RestartLastDay | A Fresh Start->EndscreenRetryHelper.FreshStart,Repeat Last Day | A Fresh Start
'ControlGroupsInstructions',UI Canvas/ControlGroupsInstructions,True,True,False,False,ControlGroupPopUp;TFUIAudioHelper;TFUITextButton;UIFrame,Continue->UIFrameManager.CloseActiveFrame,"Continue | With units selected, hold{ACTION.Select Group 1}, [B] or [C] to create a control group.  Press the corresponding input of the group to select or deposit units.  Hold [D] to clear all active groups. | Create custom control groups of units. | Control Groups"
'Early Access Warning',UI Canvas/Early Access Warning,True,True,False,False,TFUIAudioHelper;TFUITextButton;UIFrame,Weiter->UIFrameManager.CloseActiveFrame,"Liebe Könige und Königinnen,  eine kurze Anmerkung von uns, den Entwicklern des Spiels: Wir haben unser Bestes getan, um diese Version von Thronefall so gut wie möglich zu machen. Bitte bedenkt jedoch, dass Thronefall sich noch im Early Access befindet - es ist noch nicht perfekt und wir arbeiten hart daran, dass die Verteidigung eures kleinen Königreichs noch mehr Spaß macht. Euer Feedback ist ein unverzichtbarer Teil dieses Prozesses, deshalb würden wir uns freuen, eure Anregungen in unserem Discord zu lesen (den Link findet ihr auf der Steam-Seite). Dies ist auch der perfekte Ort, um Bugs zu melden, Strategien zu diskutieren und sich mit anderen Spielern auszutauschen.   Noch eine Sache: Momentan ist Thronefall ein kurzes Spiel - aus diesem Grund auch der kleine Preis. Im Laufe des Early Access werden wir weitere Inhalte ergänzen, die mehr Spielzeit und neue Spielmöglichkeiten bieten. Schaut einfach hin und wieder mal vorbei, um zu sehen, was es Neues gibt!    Alles Gute  Jonas und Paul | Early Access | Weiter"
'Eternal Trials First Time Pop Up ',UI Canvas/Eternal Trials First Time Pop Up ,True,True,False,False,TFUIAudioHelper;TFUITextButton;UIFrame,Continue->UIFrameManager.ChangeActiveFrame(Eternal Trials Select Frame),"Bem-vindo ao modo infinito de Thronefall.  Enfrente ondas de inimigos geradas proceduralmente em vários níveis que se tornam progressivamente mais e mais difíceis.  Você mantém todas as suas vantagens dos níveis anteriores, mas uma vez que você perde, é o fim e você tem que começar do zero. Até onde você pode chegar?  Atenção! Este modo contém spoilers para a campanha principal (recomendamos que você jogue isso primeiro). | Continue | Eternal Trials"
'Eternal Trials Leave Pop Up ',UI Canvas/Eternal Trials Leave Pop Up ,True,True,False,False,TFUIAudioHelper;TFUITextButton;UIFrame,No->UIFrameManager.CloseActiveFrame | Yes->InMatchResignHelper.AppliedBackToMap,No | Yes | If you leave an Eternal Trials match at night it is lost.  | Do you really want to return to the map?
'Eternal Trials Resign Pop Up',UI Canvas/Eternal Trials Resign Pop Up,True,True,False,False,TFUIAudioHelper;TFUITextButton;UIFrame,No->UIFrameManager.CloseActiveFrame | Yes->InMatchResignHelper.ApplyResign,No | Yes | Do you really want to resign?
'Eternal Trials Season 04 Pop Up',UI Canvas/Eternal Trials Season 04 Pop Up,True,True,False,False,TFUIAudioHelper;TFUITextButton;UIFrame,Continue->UIFrameManager.ChangeActiveFrame(Eternal Trials Select Frame),"Dear Kings and Queens,   Your hichscore and your ongoing save file for this mode have been archived!  While we won't have recurring ""seasons"" in a traditional sense, we're adopting the model to allow for big balancing patches such as this one.  The difficulty ramps up faster now, but enemy waves should also feel much more consistent and predictable. We added an enemy preview and the possibility to disable unwanted perks before entering a level. For a full list of all changes, please check out the patch notes on Steam.  All the best  Jonas & Paul | Continue | Season 2"
'Eternal Trials Select Frame',UI Canvas/Eternal Trials Select Frame,False,True,False,False,EternalTrialsHighscorePreview;EternalTrialsSelectScreen;TFUIAudioHelper;TFUITextButton;UIFrame,Neues Spiel->EternalTrialsSelectScreen.NewRun | Fortsetzen->EternalTrialsSelectScreen.ContinueRun | Neues Spiel->EternalTrialsSelectScreen.NewRun | Show Leaderboard->UIFrameManager.ChangeActiveFrame(Leaderboard Frame) | X->UIFrameManager.CloseActiveFrame,"Neues Spiel | Fortsetzen | Show Leaderboard | <style=""Body Bold>Friends Rank: <style=""Body Light>#1  | <style=""Body Bold>Highscore: <style=""Body Light>23948  | Eternal Trials"
'InMatch Pause Frame',UI Canvas/InMatch Pause Frame,True,True,False,False,DisableButtonInWaveZero;InMatchResignHelper;NightWavePreviewCycleButton;PauseUILoadoutHelper;PerkSelectionTooltipHelper;PlayerUnitsInfo;TFUIAudioHelper;TFUIEnumSelectorButton;TFUIEquippable;TFUITextButton;UIFrame;UnitStatsDisplayUI,Ausrüstung:-> | Back to Map->InMatchResignHelper.TryBackToMap | Resign->InMatchResignHelper.TryResign | Settings->UIFrameManager.ChangeActiveFrame(Settings Frame) | Continue->UIFrameManager.CloseActiveFrame,Paused | 25 | Projectile Speed | Attack Cooldown | Attack Damage | Range
'InMatch Resign Frame',UI Canvas/InMatch Resign Frame,True,True,False,False,InGameResignUIHelper;TFUIAudioHelper;TFUITextButton;UIFrame,No->UIFrameManager.CloseActiveFrame | Yes->InGameResignUIHelper.Resign,Do you really want to resign? | No | Yes
'Leaderboard Frame',UI Canvas/Leaderboard Frame,False,True,False,False,HighscoreTable;ScoreTag;TFUIAudioHelper;TFUITextButton;UIFrame,Weiter->UIFrameManager.CloseActiveFrame | X->UIFrameManager.CloseActiveFrame,Weiter | 23098 | 2. | Bertzerker | LOADING... | You haven't played this level yet.
'Level Select Frame',UI Canvas/Level Select Frame,False,True,False,False,HighscorePreviewUI;LevelNameDisplay;LevelSelectUIFrameHelper;TFUIAudioHelper;TFUITextButton;TransitionToSelectedLevelHelper;UIFrame,"Play->LevelSelectUIFrameHelper.SetOverrideSave,UIFrameManager.ChangeActiveFrame(Perk Select Frame Classic) | Continue Game->LevelSelectUIFrameHelper.SetOverrideSave,TransitionToSelectedLevelHelper.TransitionToSelectedLevel | New Game->LevelSelectUIFrameHelper.SetOverrideSave,UIFrameManager.ChangeActiveFrame(Perk Select Frame Classic) | Show Leaderboard->UIFrameManager.ChangeActiveFrame(Leaderboard Frame) | X->UIFrameManager.CloseActiveFrame","Play | Continue Game | New Game | Show Leaderboard | <style=""Body Bold>Friends Rank: <style=""Body Light>#1  | <style=""Body Bold>Highscore: <style=""Body Light>23948 "
'Level Up Frame',UI Canvas/Level Up Frame,True,True,True,False,LevelUpScreenAnimation;TFUIAudioHelper;TFUITextButton;UIFrame;UIParentResizer,Continue->UIFrameManager.CloseActiveFrame | X->UIFrameManager.CloseActiveFrame,"Continue | <style=""Header""><size=35>Long Sword</style><size=25> A long sword useful to do pbb lbalba lbablabl ablaaaaaaaaaaaaaaaaaaasdas asd as das ads das ads dsa dadsads dsdsaddsaad sdas dsaasd  adsads a sd ads asdd as ads dsaa sd adsd s aa sads as as as s aa sas as sa a sa sas as a sa s as as as as asa s asas asas as sa sa sa as sa  | Level <style=""Body Numerals"">3 | X"
'Map Select Frame Eternal Trials',UI Canvas/Map Select Frame Eternal Trials,True,True,False,False,AdjustLayoutGroupSpacingBasedOnUIScale;AdjustSizeAndPositionBasedOnUIScale;DynamicLayoutGroupSpacing;ETChoicePickScreen;ETMapChoiceDisplay;EternalTrialsMapPreview;PerkSelectionTooltipHelper;TFUIAudioHelper;TFUIEquippable;TFUIFocusCatcher;TFUITextButton;UIFrame;UIParentResizer,Spielen->UIFrameManager.ChangeActiveFrame | Spielen->UIFrameManager.ChangeActiveFrame | Spielen->UIFrameManager.ChangeActiveFrame,"- | Current Loadout | <style=""Body Bold> Stage <style=""Body Numerals>3  | A really long sword. Good for fighting enemies. Can also be used to pop balloons at a birthday party. | Long Sword | Expected Enemies:"
'Mini Modes First Time Pop Up',UI Canvas/Mini Modes First Time Pop Up,True,True,False,False,TFUIAudioHelper;TFUITextButton;UIFrame,"Continue->UIFrameManager.CloseActiveFrame,UIFrameManager.ChangeActiveFrame(Bonus Mode Select Frame)","Mini-modes are very difficult, often almost puzzle-like, bonus challenges with modified rules that heavily mix up the gameplay.  <bold>We highly recommended that you complete the main campaign before playing any mini-modes due to their high difficulty!</bold>  Every mini-mode is different and has unique rules to explore, requiring you to think outside the box and challenge your knowledge of the game. Completing mini-modes is entirely optional and does not grant any rewards or achievements. They’re just here for fun if you'd like to accept the challenge—but be warned, it's not for the faint of heart! | Continue | Mini-Modes"
'Perk Select Frame Classic',UI Canvas/Perk Select Frame Classic,False,True,False,False,LevelNameDisplay;LoadoutUIHelper;ModeRulesDisplay;PerkSelectionTooltipHelper;QuestEntry;TFUIAudioHelper;TFUIEquippable;TFUITextButton;TransitionToSelectedLevelHelper;UIFrame;UIParentResizer,Play->TransitionToSelectedLevelHelper.TransitionToSelectedLevel | X->UIFrameManager.CloseActiveFrame,Play | Score Bonus: <style=Body Bold>40% | Mutadores | Perks (0/3) | Arma | Durststein
'Perk Select Frame Classic InMap',UI Canvas/Perk Select Frame Classic InMap,True,True,False,False,LevelNameDisplay;LoadoutUIHelper;ModeRulesDisplay;PerkSelectionTooltipHelper;QuestEntry;ResetLoadoutOnCancel;TFUIAudioHelper;TFUIEquippable;TFUITextButton;TransitionToSelectedLevelHelper;UIFrame;UIParentResizer,"Play->ResetLoadoutOnCancel.LockInLoadout,TransitionToSelectedLevelHelper.TransitionToSelectedLevel | X->UIFrameManager.CloseActiveFrame",Play | Score Bonus: <style=Body Bold>40% | Mutadores | Perks (0/3) | Arma | Durststein
'Reset Audio Settings Frame',UI Canvas/Reset Audio Settings Frame,True,True,False,False,TFUIAudioHelper;TFUITextButton;UIFrame,"Play->UIFrameManager.CloseActiveFrame | Play->ResetAudioSettings.Trigger,UIFrameManager.CloseActiveFrame",Play | Audio Einstellungen zurücksetzen?
'Reset Controls Settings Frame',UI Canvas/Reset Controls Settings Frame,True,True,False,False,TFUIAudioHelper;TFUITextButton;UIFrame,"Play->UIFrameManager.CloseActiveFrame | Play->KeyRebinder.TriggerControlsReset,UIFrameManager.CloseActiveFrame",Play | Do you really want to restore the default input configuration?
'Reset Game Progress Frame',UI Canvas/Reset Game Progress Frame,True,True,False,False,TFUIAudioHelper;TFUITextButton;UIFrame,"Play->UIFrameManager.CloseActiveFrame | Play->SettingsResetGameProgress.ResetGameProgress,UIFrameManager.CloseActiveFrame",Play | Do you really want to reset all game progress?
'Reset Video Settings Frame',UI Canvas/Reset Video Settings Frame,True,True,False,False,TFUIAudioHelper;TFUITextButton;UIFrame,"Play->UIFrameManager.CloseActiveFrame | Play->SettingsResetVideo.ResetVideoSettings,UIFrameManager.CloseActiveFrame",Play | Video Einstellungen zurücksetzen?
'Settings Frame',UI Canvas/Settings Frame,True,True,False,False,Checkbox;ControlMapButton;EnumSelector;EnumSelectorButtonAnimation;KeyRebinder;ResetAudioSettings;ScrollArea;ScrollElementID;SettingsAntiAliasing;SettingsArachnophobiaMode;SettingsAudioVolume;SettingsBrightnessScale;SettingsColorBlind;SettingsDisableExtraTips;SettingsDisableScreenShake;SettingsDisableTooltips;SettingsDisplayTowerRangesOnInteract;SettingsEnableControlGroups;SettingsEnableDamageStats;SettingsEnableUnitStats;SettingsFullscreen;SettingsLanguage;SettingsPostProcessing;SettingsRenderScale;SettingsResetGameProgress;SettingsResetUnitsMorning;SettingsResetVideo;SettingsResolution;SettingsUIHelper;SettingsUIScale;SettingsVsync;TFUIAudioHelper;TFUICheckboxMouseCatcher;TFUIEnumMouseCatcher;TFUIEnumSelectorButton;TFUIScrollBar;TFUISlider;TFUISliderDragArea;TFUISliderRelative;TFUISliderRelativeDragArea;TFUITextButton;UIFrame,Control A-> | Control A-> | Control A-> | Control A-> | Control A-> | Control A-> | Selected Controller-> | Disable Screen Shake->Checkbox.Toggle | Arachnophobia Mode->Checkbox.Toggle | Colorblind Mode-> | UI Scale-> | Language-> | Reset Game Progress->UIFrameManager.ChangeActiveFrameKeepOldVisible(Reset Game Progress Frame) | Enable Enemy Unit Damage Visuals->Checkbox.Toggle | Enable Player Unit Damage Visuals->Checkbox.Toggle | Enable Unit Stats->Checkbox.Toggle | Enable Control Groups->Checkbox.Toggle | Display All Tower Ranges On Interact->Checkbox.Toggle | Reset Unit Formation Every Morning->Checkbox.Toggle | Disable Extra Tips->Checkbox.Toggle | Disable Tooltips->Checkbox.Toggle | Reset Audio Settings->UIFrameManager.ChangeActiveFrameKeepOldVisible(Reset Audio Settings Frame) | Environment-> | Music-> | Gameplay-> | Master-> | Reset Video Settings->UIFrameManager.ChangeActiveFrameKeepOldVisible(Reset Video Settings Frame) | Brightness Scale-> | Render Scale-> | Shadow Resolution-> | Anti Aliasing-> | Post Processing->Checkbox.Toggle | V-Sync->Checkbox.Toggle | Fullscreen->Checkbox.Toggle | Resolution-> | ✓ ?->EnumSelector.PropagateDelayedChange | Controls-> | Accessibility-> | Gameplay-> | Audio-> | Video->,3 | Waiting for Input... | Control A | Binding | Selected Controller | XXXXX
'Title Frame',UI Canvas/Title Frame,False,True,True,False,DemoQuitSwitch;SetStateWhenMacOSX;TFUIAudioHelper;TFUITextButton;TitleScreenUIHelper;UIFrame,Quit->DemoQuitSwitch.Trigger | About->UIFrameManager.ChangeActiveFrame(About Frame) | Settings->UIFrameManager.ChangeActiveFrame(Settings Frame) | Play->TitleScreenUIHelper.ClickPlay,Quit | About | Settings | Play | Thronefall
'Update 1.1',UI Canvas/Update 1.1,True,True,False,False,TFUIAudioHelper;TFUITextButton;UIFrame,Weiter->UIFrameManager.CloseActiveFrame,"Dear Kings and Queens,  We just rolled out the first regular Update for Thronefall (Early Access Version 1.1). For a comprehensive list of changes please have a look at the full patch notes in the Steam Forums or our Discord. Here’s a quick summary of what has changed:   • Key Rebinding: It is now possible to set up your own control configurations. By default everything should work like it used to, but due to technical reasons you might have to rebind movement to the W A S D keys if you were used to it. This is because there’s only one slot to bind per action per input device and the default binding for movement is the arrow keys. On the upside a lot more controllers should be supported now.   • Upcoming Night Info: You can now see a summary of the enemies attacking during the next night in the pause menu. There you can also read a quick description of each enemy which should help figuring out what preparations to take against it.   • Balancing Changes: A massive amount of balancing tweaks and changes based on your feedback. Impossible to list everything here, please have a look at the full patch notes for details.   That’s it for this update – now we’re off to work on new gameplay content. We’re excited to share the next level and maybe even a little surprise with you soon.   All the best Jonas & Paul  | Update 1.1 | Weiter"
'Wardrobe Frame',UI Canvas/Wardrobe Frame,False,True,False,False,TFUIAudioHelper;TFUITextButton;TFUIWardrobeElement;UIFrame;WardrobeHandler;WardrobeInfo;WardrobeOptionsHelper,Mount-> | Cape-> | Armour-> | Crown-> | X->UIFrameManager.CloseActiveFrame,"! | 999 | This is an item desciption, it's a little bit long but who doesn't love some lore info or something? I don't know I am just writing this so that we can test the length of the strings here and see how well it works. | Item Name | Mount | Cape"
